date,daxiaofen,daxiaofen_result,kedui,kedui_halfscore,kedui_score,panlu,rangfen,result,zhudui,zhudui_halfscore,zhudui_score

2016-10-26,200.5,大,纽约尼克斯,45,88,赢,-9.5,胜,克里夫兰骑士,48,117

2016-10-26,194.5,大,犹他爵士,46,104,赢,-5.5,胜,波特兰开拓者,54,113

2016-10-26,211.5,大,圣安东尼奥马刺,64,129,输,-8.5,负,金州勇士,46,100

2016-10-27,200.5,大,迈阿密热火,50,108,输,-4.5,负,奥兰多魔术,53,96

2016-10-27,206.5,大,达拉斯独行侠,52,121,赢,-6.5,胜,印第安纳步行者,59,130

2016-10-27,195.5,大,底特律活塞,46,91,赢,-7.5,胜,多伦多猛龙,58,109

2016-10-27,211.5,大,布鲁克林篮网队,58,117,输,-12.5,胜,波士顿凯尔特人,64,122

2016-10-27,198.5,大,明尼苏达森林狼,59,98,赢,0.0,胜,孟菲斯灰熊,50,102

2016-10-27,208.5,小,俄克拉荷马雷霆,51,103,赢,8.5,负,费城76人,51,97

2016-10-27,207.5,大,丹佛掘金,60,107,输,-2.5,负,新奥尔良鹈鹕,48,102

2016-10-27,192.5,大,夏洛特黄蜂,56,107,输,1.5,负,密尔沃基雄鹿,41,96

2016-10-27,212.5,小,萨克拉门托国王,57,113,输,-2.5,负,菲尼克斯太阳,38,94

2016-10-27,223.5,大,休斯顿火箭,71,114,赢,6.5,胜,洛杉矶湖人,63,120

2016-10-28,204.5,大,华盛顿奇才,56,99,赢,-4.5,胜,亚特兰大老鹰,57,114

2016-10-28,210.5,小,波士顿凯尔特人,49,99,赢,-1.5,胜,芝加哥公牛,57,105

2016-10-28,205.5,小,圣安东尼奥马刺,53,102,赢,8.5,负,萨克拉门托国王,57,94

2016-10-28,209.5,大,洛杉矶快船,58,114,输,2.5,负,波特兰开拓者,49,106

2016-10-29,204.5,小,克里夫兰骑士,50,94,输,2.5,负,多伦多猛龙,40,91

2016-10-29,218.5,小,印第安纳步行者,48,94,赢,6.5,胜,布鲁克林篮网队,52,103

2016-10-29,198.5,小,奥兰多魔术,31,82,赢,-4.5,胜,底特律活塞,54,108

2016-10-29,198.5,小,夏洛特黄蜂,46,97,输,0.0,负,迈阿密热火,57,91

2016-10-29,209.5,大,菲尼克斯太阳,53,110,输,-8.5,胜,俄克拉荷马雷霆,49,113

2016-10-29,218.5,小,休斯顿火箭,52,106,输,2.5,负,达拉斯独行侠,50,98

2016-10-29,201.5,小,洛杉矶湖人,43,89,输,-8.5,胜,犹他爵士,48,96

2016-10-29,219.5,大,金州勇士,59,122,赢,10.5,负,新奥尔良鹈鹕,50,114

2016-10-30,205.5,小,亚特兰大老鹰,53,104,输,7.5,负,费城76人,39,72

2016-10-30,204.5,小,波士顿凯尔特人,44,104,输,2.5,负,夏洛特黄蜂,41,98

2016-10-30,205.5,小,奥兰多魔术,45,99,输,-12.5,胜,克里夫兰骑士,62,105

2016-10-30,197.5,大,孟菲斯灰熊,49,104,赢,-2.5,胜,纽约尼克斯,57,111

2016-10-30,210.5,大,印第安纳步行者,41,101,赢,-3.5,胜,芝加哥公牛,62,118

2016-10-30,205.5,大,布鲁克林篮网队,41,108,输,-6.5,胜,密尔沃基雄鹿,46,110

2016-10-30,206.5,小,新奥尔良鹈鹕,45,79,赢,-13.5,胜,圣安东尼奥马刺,55,98

2016-10-30,211.5,大,波特兰开拓者,62,115,输,1.5,负,丹佛掘金,54,113

2016-10-30,205.5,大,明尼苏达森林狼,65,103,赢,-1.5,胜,萨克拉门托国王,54,106

2016-10-31,192.5,小,犹他爵士,35,75,赢,-7.5,胜,洛杉矶快船,42,88

2016-10-31,193.5,大,圣安东尼奥马刺,52,106,输,6.5,负,迈阿密热火,44,99

2016-10-31,198.5,小,密尔沃基雄鹿,39,83,赢,-7.5,胜,底特律活塞,50,98

2016-10-31,225.5,小,金州勇士,55,106,赢,11.5,负,菲尼克斯太阳,57,100

2016-10-31,203.5,大,华盛顿奇才,54,103,赢,2.5,胜,孟菲斯灰熊,58,112

2016-10-31,214.5,小,洛杉矶湖人,46,96,赢,-7.5,胜,俄克拉荷马雷霆,58,113

2016-10-31,216.5,小,达拉斯独行侠,53,92,输,-5.5,胜,休斯顿火箭,63,93

2017-04-01,205.5,大,印第安纳步行者,48,100,赢,-5.5,胜,多伦多猛龙,46,111

2016-11-01,211.5,小,芝加哥公牛,65,118,输,6.5,负,布鲁克林篮网队,44,88

2017-04-01,219.5,大,丹佛掘金,56,114,赢,-3.5,胜,夏洛特黄蜂,56,122

2017-04-01,217.5,大,奥兰多魔术,64,116,输,-10.5,胜,波士顿凯尔特人,57,117

2017-04-01,217.5,大,费城76人,52,105,赢,-10.5,胜,克里夫兰骑士,70,122

2016-11-01,204.5,大,丹佛掘金,49,102,输,-7.5,胜,多伦多猛龙,62,105

2016-11-01,201.5,小,萨克拉门托国王,44,95,赢,-7.5,胜,亚特兰大老鹰,53,106

2016-11-01,206.5,大,菲尼克斯太阳,36,98,赢,-11.5,胜,洛杉矶快船,48,116

2016-11-02,197.5,大,奥兰多魔术,43,103,赢,5.5,负,费城76人,57,101

2016-11-02,215.5,大,洛杉矶湖人,51,108,输,-8.5,胜,印第安纳步行者,62,115

2016-11-02,218.5,大,休斯顿火箭,59,120,输,-9.5,胜,克里夫兰骑士,63,128

2016-11-02,199.5,小,纽约尼克斯,55,89,赢,-4.5,胜,底特律活塞,64,102

2016-11-02,200.5,大,萨克拉门托国王,50,96,赢,-3.5,胜,迈阿密热火,54,108

2016-11-02,205.5,大,密尔沃基雄鹿,63,117,输,-3.5,负,新奥尔良鹈鹕,54,113

2016-11-02,199.5,小,孟菲斯灰熊,36,80,赢,-6.5,胜,明尼苏达森林狼,62,116

2016-11-02,186.5,大,犹他爵士,54,106,输,-10.5,负,圣安东尼奥马刺,50,91

2017-02-01,216.5,大,纽约尼克斯,54,101,赢,-8.5,胜,华盛顿奇才,59,117

2017-03-01,229.5,小,金州勇士,49,108,赢,7.5,胜,华盛顿奇才,61,112

2017-04-01,204.5,小,纽约尼克斯,59,98,输,-10.5,负,迈阿密热火,55,94

2017-04-01,199.5,大,底特律活塞,48,105,输,-8.5,胜,密尔沃基雄鹿,56,108

2017-04-01,209.5,小,萨克拉门托国王,38,89,赢,-10.5,胜,新奥尔良鹈鹕,58,117

2017-04-01,192.5,小,达拉斯独行侠,34,90,赢,-4.5,胜,孟菲斯灰熊,55,99

2017-04-01,208.5,小,圣安东尼奥马刺,41,100,输,3.5,负,俄克拉荷马雷霆,54,95

2017-04-01,206.5,小,华盛顿奇才,39,88,赢,-3.5,胜,犹他爵士,42,95

2017-01-01,194.5,大,孟菲斯灰熊,50,112,输,0.0,负,萨克拉门托国王,45,98

2016-12-01,198.5,大,底特律活塞,59,121,输,-7.5,负,波士顿凯尔特人,53,114

2016-11-02,227.5,大,金州勇士,59,127,输,4.5,负,波特兰开拓者,53,104

2016-11-03,202.5,大,多伦多猛龙,54,113,输,0.0,负,华盛顿奇才,56,103

2016-11-03,195.5,大,费城76人,53,93,赢,-12.5,胜,夏洛特黄蜂,46,109

2016-11-03,204.5,大,底特律活塞,55,101,赢,4.5,胜,布鲁克林篮网队,71,109

2016-11-03,208.5,大,洛杉矶湖人,51,123,输,-11.5,负,亚特兰大老鹰,60,116

2016-11-03,214.5,大,休斯顿火箭,68,118,输,0.0,负,纽约尼克斯,51,99

2016-11-03,206.5,小,新奥尔良鹈鹕,48,83,赢,-5.5,胜,孟菲斯灰熊,41,89

2016-11-03,208.5,小,芝加哥公牛,52,100,赢,-3.5,胜,波士顿凯尔特人,55,107

2016-11-03,186.5,小,达拉斯独行侠,33,81,赢,-3.5,胜,犹他爵士,41,97

2016-11-03,216.5,大,波特兰开拓者,53,115,赢,3.5,胜,菲尼克斯太阳,57,118

2016-11-03,206.5,小,俄克拉荷马雷霆,49,85,输,-7.5,负,洛杉矶快船,41,83

2017-02-01,209.5,大,新奥尔良鹈鹕,60,106,输,-8.5,胜,多伦多猛龙,46,108

2017-02-01,224.5,小,萨克拉门托国王,35,83,赢,-11.5,胜,休斯顿火箭,54,105

2017-02-01,211.5,小,俄克拉荷马雷霆,42,94,赢,-10.5,胜,圣安东尼奥马刺,52,108

2017-02-01,215.5,小,夏洛特黄蜂,50,98,赢,-4.5,胜,波特兰开拓者,56,115

2017-02-01,227.5,大,丹佛掘金,59,116,赢,2.5,胜,洛杉矶湖人,54,120

2017-02-02,217.5,大,明尼苏达森林狼,60,97,赢,-7.5,胜,克里夫兰骑士,63,125

2017-02-02,211.5,小,印第安纳步行者,56,98,输,3.5,负,奥兰多魔术,47,88

2017-02-02,223.5,小,纽约尼克斯,38,95,输,1.5,负,布鲁克林篮网队,45,90

2017-02-02,215.5,小,多伦多猛龙,62,104,输,-5.5,胜,波士顿凯尔特人,51,109

2017-02-02,205.5,大,亚特兰大老鹰,47,93,赢,-2.5,胜,迈阿密热火,62,116

2017-02-02,211.5,大,新奥尔良鹈鹕,54,98,赢,-6.5,胜,底特律活塞,60,118

2017-02-02,205.5,大,费城76人,47,95,赢,-5.5,胜,达拉斯独行侠,50,113

2017-04-01,230.5,小,休斯顿火箭,61,98,输,-10.5,胜,金州勇士,56,107

2017-04-02,222.5,小,洛杉矶湖人,50,104,输,-15.5,胜,洛杉矶快船,55,115

2017-04-02,202.5,大,亚特兰大老鹰,46,104,输,-6.5,胜,芝加哥公牛,52,106

2017-04-02,223.5,大,奥兰多魔术,53,111,赢,-2.5,胜,布鲁克林篮网队,60,121

2017-04-02,208.5,大,萨克拉门托国王,55,123,输,-13.5,负,明尼苏达森林狼,59,117

2017-04-02,222.5,大,菲尼克斯太阳,53,117,输,-13.5,胜,波特兰开拓者,63,130

2017-04-03,206.5,小,波士顿凯尔特人,60,110,输,9.5,负,纽约尼克斯,47,94

2017-04-03,212.5,大,夏洛特黄蜂,59,113,输,-6.5,负,俄克拉荷马雷霆,54,101

2017-04-03,190.5,大,犹他爵士,52,103,输,-6.5,胜,圣安东尼奥马刺,54,109

2017-04-03,196.5,大,达拉斯独行侠,53,109,输,-7.5,负,密尔沃基雄鹿,53,105

2017-04-03,205.5,大,孟菲斯灰熊,49,103,赢,6.5,胜,洛杉矶湖人,50,108

2017-03-01,212.5,大,波特兰开拓者,49,113,赢,-5.5,胜,底特律活塞,44,120

2017-03-01,202.5,大,犹他爵士,53,106,赢,2.5,胜,俄克拉荷马雷霆,61,109

2017-03-01,211.5,大,菲尼克斯太阳,56,112,赢,-10.5,胜,孟菲斯灰熊,55,130

2017-03-01,221.5,大,丹佛掘金,56,125,输,-3.5,负,芝加哥公牛,59,107

2017-03-01,214.5,小,夏洛特黄蜂,58,109,输,4.5,负,洛杉矶湖人,55,104

2017-03-02,216.5,小,纽约尼克斯,60,101,输,-1.5,负,奥兰多魔术,51,90

2017-03-02,212.5,大,费城76人,44,98,赢,-8.5,胜,迈阿密热火,64,125

2017-03-02,209.5,小,华盛顿奇才,62,105,输,-5.5,负,多伦多猛龙,46,96

2017-03-02,194.5,大,达拉斯独行侠,52,95,输,-5.5,胜,亚特兰大老鹰,63,100

2017-03-02,224.5,小,丹佛掘金,63,110,输,-2.5,负,密尔沃基雄鹿,37,98

2017-03-02,209.5,小,底特律活塞,50,86,赢,-1.5,胜,新奥尔良鹈鹕,53,109

2017-03-02,222.5,小,克里夫兰骑士,50,99,赢,0.0,胜,波士顿凯尔特人,49,103

2017-01-01,210.5,大,克里夫兰骑士,71,121,输,3.5,负,夏洛特黄蜂,59,109

2017-01-01,202.5,大,密尔沃基雄鹿,49,116,输,-4.5,负,芝加哥公牛,51,96

2017-01-01,206.5,小,菲尼克斯太阳,51,86,输,-12.5,胜,犹他爵士,55,91

2017-01-01,208.5,小,洛杉矶快船,40,88,赢,-9.5,胜,俄克拉荷马雷霆,69,114

2017-01-01,222.5,大,纽约尼克斯,55,122,输,-13.5,胜,休斯顿火箭,69,129

2017-01-02,196.5,大,底特律活塞,58,107,输,6.5,负,迈阿密热火,66,98

2017-01-02,207.5,大,奥兰多魔术,51,104,赢,-5.5,胜,印第安纳步行者,62,117

2017-01-02,200.5,大,圣安东尼奥马刺,46,112,赢,4.5,胜,亚特兰大老鹰,44,114

2017-01-02,208.5,小,波特兰开拓者,37,95,输,-5.5,负,明尼苏达森林狼,49,89

2017-01-02,217.5,大,多伦多猛龙,58,123,输,8.5,负,洛杉矶湖人,57,114

2017-01-03,211.5,小,俄克拉荷马雷霆,56,94,赢,-1.5,胜,密尔沃基雄鹿,50,98

2017-01-03,217.5,小,新奥尔良鹈鹕,43,82,输,-9.5,胜,克里夫兰骑士,44,90

2016-12-01,194.5,大,孟菲斯灰熊,57,105,赢,-12.5,胜,多伦多猛龙,55,120

2016-12-01,211.5,小,纽约尼克斯,58,106,输,-3.5,负,明尼苏达森林狼,49,104

2016-12-01,209.5,小,洛杉矶湖人,47,96,输,-9.5,负,芝加哥公牛,47,90

2016-12-01,212.5,大,华盛顿奇才,53,115,赢,-5.5,胜,俄克拉荷马雷霆,60,126

2016-12-01,190.5,小,圣安东尼奥马刺,43,94,赢,8.5,负,达拉斯独行侠,40,87

2016-12-01,208.5,大,亚特兰大老鹰,48,107,赢,5.5,胜,菲尼克斯太阳,50,109

2016-12-01,204.5,小,迈阿密热火,52,106,输,-5.5,负,丹佛掘金,47,98

2016-12-01,211.5,大,印第安纳步行者,58,109,赢,-7.5,胜,波特兰开拓者,73,131

2016-12-02,194.5,小,达拉斯独行侠,41,87,输,-10.5,胜,夏洛特黄蜂,44,97

2016-12-02,217.5,小,密尔沃基雄鹿,52,111,输,4.5,负,布鲁克林篮网队,51,93

2016-12-02,185.5,大,奥兰多魔术,49,94,赢,2.5,胜,孟菲斯灰熊,50,95

2016-11-04,199.5,小,萨克拉门托国王,50,94,赢,-1.5,胜,奥兰多魔术,56,102

2016-11-04,209.5,小,丹佛掘金,55,102,输,-3.5,负,明尼苏达森林狼,61,99

2016-11-04,213.5,大,印第安纳步行者,57,107,赢,2.5,胜,密尔沃基雄鹿,63,125

2016-11-04,208.5,大,波士顿凯尔特人,51,122,输,-9.5,胜,克里夫兰骑士,68,128

2016-11-04,225.5,小,俄克拉荷马雷霆,43,96,赢,-11.5,胜,金州勇士,68,122

2016-11-05,209.5,小,亚特兰大老鹰,35,92,赢,-1.5,胜,华盛顿奇才,48,95

2016-11-05,205.5,小,夏洛特黄蜂,43,99,赢,6.5,负,布鲁克林篮网队,50,95

2016-11-05,200.5,小,迈阿密热火,46,87,赢,-7.5,胜,多伦多猛龙,52,96

2016-11-05,210.5,大,纽约尼克斯,56,117,输,-6.5,负,芝加哥公牛,57,104

2016-11-05,198.5,小,洛杉矶快船,53,99,输,5.5,负,孟菲斯灰熊,35,88

2016-11-05,212.5,大,菲尼克斯太阳,58,112,输,-2.5,负,新奥尔良鹈鹕,61,111

2017-02-02,198.5,小,密尔沃基雄鹿,43,88,赢,-7.5,胜,犹他爵士,61,104

2017-02-02,220.5,大,洛杉矶快船,62,124,输,3.5,负,菲尼克斯太阳,59,114

2017-02-02,214.5,大,孟菲斯灰熊,62,119,输,4.5,负,丹佛掘金,49,99

2017-02-02,205.5,大,芝加哥公牛,55,128,输,-4.5,负,俄克拉荷马雷霆,47,100

2017-02-02,227.5,大,夏洛特黄蜂,56,111,输,-17.5,胜,金州勇士,77,126

2017-02-03,217.5,大,洛杉矶湖人,44,108,输,-10.5,胜,华盛顿奇才,58,116

2017-02-03,225.5,小,亚特兰大老鹰,47,113,输,-8.5,负,休斯顿火箭,50,108

2017-02-03,214.5,小,费城76人,53,86,赢,-14.5,胜,圣安东尼奥马刺,48,102

2017-02-03,226.5,大,金州勇士,65,133,输,8.5,负,洛杉矶快船,55,120

2017-02-04,208.5,小,多伦多猛龙,54,94,赢,5.5,胜,奥兰多魔术,52,102

2017-02-04,221.5,小,印第安纳步行者,56,106,输,7.5,负,布鲁克林篮网队,46,97

2017-04-03,218.5,大,丹佛掘金,68,116,输,-5.5,负,迈阿密热火,58,113

2017-04-03,212.5,大,费城76人,49,105,输,-12.5,胜,多伦多猛龙,59,113

2017-04-03,215.5,大,印第安纳步行者,53,130,输,-9.5,胜,克里夫兰骑士,60,135

2017-04-03,212.5,大,芝加哥公牛,63,117,输,-9.5,负,新奥尔良鹈鹕,47,110

2017-04-03,216.5,小,亚特兰大老鹰,43,82,赢,2.5,胜,布鲁克林篮网队,46,91

2017-04-03,222.5,大,华盛顿奇才,57,115,赢,-10.5,胜,金州勇士,67,139

2017-04-03,225.5,大,休斯顿火箭,59,123,输,6.5,负,菲尼克斯太阳,54,116

2017-04-04,217.5,大,波特兰开拓者,57,109,输,-3.5,胜,明尼苏达森林狼,49,110

2017-04-05,219.5,大,奥兰多魔术,55,102,赢,-9.5,胜,克里夫兰骑士,53,122

2017-04-05,222.5,大,布鲁克林篮网队,81,141,输,2.5,负,费城76人,53,118

2017-04-05,203.5,小,多伦多猛龙,51,90,赢,-4.5,胜,印第安纳步行者,40,108

2017-04-05,217.5,大,夏洛特黄蜂,63,111,赢,-4.5,胜,华盛顿奇才,51,118

2017-04-05,204.5,小,芝加哥公牛,40,91,赢,2.5,胜,纽约尼克斯,54,100

2017-03-02,206.5,小,印第安纳步行者,49,99,输,-9.5,胜,圣安东尼奥马刺,47,100

2017-03-02,201.5,小,明尼苏达森林狼,51,107,输,-7.5,负,犹他爵士,35,80

2017-03-02,214.5,小,布鲁克林篮网队,57,109,输,-1.5,负,萨克拉门托国王,54,100

2017-03-02,235.0,小,休斯顿火箭,70,122,输,-1.5,负,洛杉矶快船,58,103

2017-03-03,215.5,小,金州勇士,51,87,赢,7.5,胜,芝加哥公牛,47,94

2017-03-03,220.5,大,夏洛特黄蜂,58,103,赢,3.5,胜,菲尼克斯太阳,61,120

2017-03-03,220.5,大,俄克拉荷马雷霆,60,109,赢,2.5,胜,波特兰开拓者,57,114

2017-03-04,216.5,小,纽约尼克斯,53,102,赢,1.5,胜,费城76人,63,105

2017-03-04,207.5,大,迈阿密热火,53,99,赢,3.5,胜,奥兰多魔术,60,110

2017-03-04,208.5,大,多伦多猛龙,62,114,输,-4.5,负,华盛顿奇才,53,106

2017-03-04,214.5,大,克里夫兰骑士,77,135,输,2.5,负,亚特兰大老鹰,60,130

2017-03-04,210.5,大,洛杉矶快船,47,101,赢,3.5,胜,密尔沃基雄鹿,66,112

2017-01-03,209.5,大,奥兰多魔术,67,115,输,-4.5,负,纽约尼克斯,59,103

2017-01-03,204.5,小,犹他爵士,50,101,输,6.5,负,布鲁克林篮网队,52,89

2017-01-03,228.5,小,华盛顿奇才,53,91,赢,-8.5,胜,休斯顿火箭,41,101

2017-01-03,203.5,大,夏洛特黄蜂,57,111,赢,1.5,胜,芝加哥公牛,58,118

2017-01-03,211.5,小,菲尼克斯太阳,58,98,赢,-4.5,胜,洛杉矶快船,64,109

2017-01-03,227.5,大,丹佛掘金,64,119,输,-14.5,胜,金州勇士,68,127

2017-01-04,203.5,小,明尼苏达森林狼,42,91,赢,3.5,胜,费城76人,57,93

2017-01-04,200.5,大,犹他爵士,45,104,赢,-5.5,胜,波士顿凯尔特人,54,115

2017-01-04,203.5,大,印第安纳步行者,66,121,输,-5.5,负,底特律活塞,60,116

2017-01-04,208.5,小,多伦多猛龙,41,82,赢,-5.5,胜,圣安东尼奥马刺,60,110

2017-01-04,200.5,大,华盛顿奇才,67,105,赢,-1.5,胜,达拉斯独行侠,61,113

2016-12-02,214.5,小,洛杉矶快船,58,113,输,-4.5,负,克里夫兰骑士,50,94

2016-12-02,189.5,大,迈阿密热火,52,111,输,-8.5,负,犹他爵士,48,110

2016-12-02,229.5,大,休斯顿火箭,64,132,输,-10.5,负,金州勇士,59,127

2016-12-03,197.5,小,奥兰多魔术,50,105,输,-1.5,负,费城76人,42,88

2016-12-03,210.5,大,明尼苏达森林狼,52,114,赢,0.0,胜,纽约尼克斯,62,118

2016-12-03,208.5,小,萨克拉门托国王,46,92,输,-6.5,胜,波士顿凯尔特人,47,97

2016-12-03,214.5,小,洛杉矶湖人,48,80,赢,-9.5,胜,多伦多猛龙,69,113

2016-12-03,209.5,大,克里夫兰骑士,60,105,赢,1.5,胜,芝加哥公牛,59,111

2016-12-03,198.5,大,底特律活塞,58,121,输,-2.5,负,亚特兰大老鹰,39,85

2016-12-03,207.5,大,洛杉矶快船,60,114,输,4.5,负,新奥尔良鹈鹕,57,96

2016-12-03,202.5,大,华盛顿奇才,60,105,输,-9.5,胜,圣安东尼奥马刺,57,107

2016-12-03,217.5,大,休斯顿火箭,73,128,输,-3.5,负,丹佛掘金,63,110

2016-11-05,205.5,小,波特兰开拓者,55,105,输,2.5,负,达拉斯独行侠,52,95

2016-11-05,186.5,小,圣安东尼奥马刺,53,100,输,3.5,负,犹他爵士,41,86

2016-11-05,226.5,小,金州勇士,49,97,赢,10.5,胜,洛杉矶湖人,65,117

2016-11-06,206.5,小,明尼苏达森林狼,53,92,赢,-5.5,胜,俄克拉荷马雷霆,59,112

2016-11-06,204.5,小,丹佛掘金,44,86,赢,-4.5,胜,底特律活塞,51,103

2016-11-06,200.5,小,华盛顿奇才,50,86,输,-5.5,胜,奥兰多魔术,40,88

2016-11-06,207.5,小,克里夫兰骑士,57,102,赢,13.5,负,费城76人,46,101

2016-11-06,215.5,小,芝加哥公牛,43,94,赢,-2.5,胜,印第安纳步行者,62,111

2016-11-06,217.5,小,休斯顿火箭,59,97,赢,-2.5,胜,亚特兰大老鹰,65,112

2016-11-06,204.5,大,萨克拉门托国王,48,91,赢,-2.5,胜,密尔沃基雄鹿,61,117

2016-11-06,194.5,大,洛杉矶快船,73,116,输,-4.5,负,圣安东尼奥马刺,55,92

2016-11-07,195.5,大,犹他爵士,49,114,输,1.5,负,纽约尼克斯,54,109

2017-02-04,210.5,大,明尼苏达森林狼,52,108,赢,-3.5,胜,底特律活塞,53,116

2017-02-04,221.5,小,洛杉矶湖人,51,107,输,-13.5,胜,波士顿凯尔特人,62,113

2017-02-04,223.5,大,芝加哥公牛,49,117,输,-5.5,胜,休斯顿火箭,60,121

2017-02-04,205.5,大,孟菲斯灰熊,48,102,赢,2.5,胜,俄克拉荷马雷霆,58,114

2017-02-04,221.5,大,密尔沃基雄鹿,53,117,输,-4.5,胜,丹佛掘金,70,121

2017-02-04,216.5,小,菲尼克斯太阳,49,105,输,-4.5,负,萨克拉门托国王,49,103

2017-02-04,206.5,大,达拉斯独行侠,60,108,输,-4.5,负,波特兰开拓者,47,104

2017-02-05,217.5,小,新奥尔良鹈鹕,49,91,赢,-7.5,胜,华盛顿奇才,53,105

2017-04-05,209.5,小,密尔沃基雄鹿,39,79,赢,-4.5,胜,俄克拉荷马雷霆,63,110

2017-04-05,228.5,大,丹佛掘金,69,134,输,-4.5,负,新奥尔良鹈鹕,75,131

2017-04-05,196.5,小,孟菲斯灰熊,35,89,输,-9.5,胜,圣安东尼奥马刺,33,95

2017-04-05,202.5,小,波特兰开拓者,41,87,赢,-7.5,胜,犹他爵士,47,106

2017-04-05,195.5,小,达拉斯独行侠,38,87,赢,2.5,胜,萨克拉门托国王,36,98

2017-04-05,219.5,大,明尼苏达森林狼,60,107,输,-14.5,胜,金州勇士,68,121

2017-04-06,205.5,大,迈阿密热火,52,112,输,-2.5,负,夏洛特黄蜂,51,99

2017-04-06,199.5,大,多伦多猛龙,46,105,输,1.5,负,底特律活塞,56,102

2017-04-06,219.5,小,克里夫兰骑士,57,114,输,-3.5,负,波士顿凯尔特人,42,91

2017-04-06,199.5,大,俄克拉荷马雷霆,57,103,赢,4.5,负,孟菲斯灰熊,50,100

2017-03-04,190.5,大,孟菲斯灰熊,50,100,赢,2.5,胜,达拉斯独行侠,51,104

2017-03-04,225.5,大,俄克拉荷马雷霆,55,111,赢,5.5,胜,菲尼克斯太阳,58,118

2017-03-04,205.5,大,布鲁克林篮网队,51,97,赢,-13.5,胜,犹他爵士,60,112

2017-03-04,208.5,小,圣安东尼奥马刺,49,101,赢,6.5,负,新奥尔良鹈鹕,48,98

2017-03-04,218.5,小,波士顿凯尔特人,70,115,输,8.5,负,洛杉矶湖人,45,95

2017-03-05,210.5,大,底特律活塞,67,136,输,5.5,负,费城76人,52,106

2017-03-05,202.5,小,多伦多猛龙,42,94,赢,2.5,胜,密尔沃基雄鹿,53,101

2017-03-05,209.5,大,克里夫兰骑士,51,92,赢,-8.5,胜,迈阿密热火,67,120

2017-03-05,209.5,小,洛杉矶快船,55,101,输,1.5,负,芝加哥公牛,61,91

2017-03-05,203.5,小,明尼苏达森林狼,55,90,输,-7.5,胜,圣安东尼奥马刺,43,97

2017-01-04,215.5,大,萨克拉门托国王,60,120,输,-2.5,负,丹佛掘金,51,113

2017-01-04,212.5,小,迈阿密热火,52,90,赢,-5.5,胜,菲尼克斯太阳,56,99

2017-01-04,204.5,大,孟菲斯灰熊,48,102,赢,6.5,胜,洛杉矶湖人,57,116

2017-01-05,205.5,小,亚特兰大老鹰,52,111,输,3.5,负,奥兰多魔术,47,92

2017-01-05,208.5,大,俄克拉荷马雷霆,55,112,赢,-1.5,胜,夏洛特黄蜂,60,123

2017-01-05,213.5,小,密尔沃基雄鹿,52,105,赢,1.5,负,纽约尼克斯,52,104

2017-01-05,204.5,小,芝加哥公牛,52,106,输,-3.5,负,克里夫兰骑士,46,94

2017-01-05,204.5,大,迈阿密热火,64,107,输,-8.5,负,萨克拉门托国王,59,102

2017-01-05,222.5,大,波特兰开拓者,71,117,输,-15.5,胜,金州勇士,69,125

2017-01-05,198.5,大,孟菲斯灰熊,63,106,赢,0.0,胜,洛杉矶快船,53,115

2016-12-04,217.5,小,布鲁克林篮网队,40,103,输,-9.5,胜,密尔沃基雄鹿,50,112

2016-12-04,208.5,大,明尼苏达森林狼,49,125,输,-5.5,负,夏洛特黄蜂,52,120

2016-12-04,205.5,大,波士顿凯尔特人,45,107,赢,9.5,负,费城76人,53,106

2016-12-04,207.5,大,亚特兰大老鹰,47,84,赢,-8.5,胜,多伦多猛龙,62,128

2016-12-04,199.5,大,洛杉矶湖人,62,100,赢,-2.5,胜,孟菲斯灰熊,54,103

2016-12-04,189.5,小,芝加哥公牛,45,82,赢,2.5,胜,达拉斯独行侠,57,107

2016-12-04,199.5,大,丹佛掘金,47,98,赢,-6.5,胜,犹他爵士,49,105

2016-12-04,214.5,小,迈阿密热火,49,92,赢,-6.5,胜,波特兰开拓者,55,99

2016-12-04,230.5,大,菲尼克斯太阳,57,109,赢,-16.5,胜,金州勇士,66,138

2016-12-05,193.5,小,奥兰多魔术,58,98,输,-7.5,负,底特律活塞,50,92

2016-12-05,213.5,小,新奥尔良鹈鹕,41,92,赢,-5.5,胜,俄克拉荷马雷霆,49,101

2016-11-07,203.5,小,波特兰开拓者,47,100,输,0.0,负,孟菲斯灰熊,51,94

2016-11-07,199.5,小,萨克拉门托国王,44,96,输,-9.5,负,多伦多猛龙,50,91

2016-11-07,199.5,小,密尔沃基雄鹿,39,75,赢,-2.5,胜,达拉斯独行侠,47,86

2016-11-07,210.5,大,丹佛掘金,77,123,输,-7.5,负,波士顿凯尔特人,52,107

2016-11-07,217.5,大,菲尼克斯太阳,43,108,赢,-3.5,胜,洛杉矶湖人,54,119

2016-11-08,192.5,大,犹他爵士,52,109,输,6.5,负,费城76人,43,84

2016-11-08,207.5,大,印第安纳步行者,55,100,赢,-3.5,胜,夏洛特黄蜂,75,122

2016-11-08,215.5,大,休斯顿火箭,56,114,输,-1.5,负,华盛顿奇才,47,106

2016-11-08,203.5,小,迈阿密热火,47,85,赢,-5.5,胜,俄克拉荷马雷霆,55,97

2016-11-08,200.5,小,奥兰多魔术,52,80,赢,-7.5,胜,芝加哥公牛,61,112

2017-02-05,208.5,小,奥兰多魔术,39,86,赢,-8.5,胜,亚特兰大老鹰,65,113

2017-02-05,210.5,小,底特律活塞,58,84,赢,-4.5,胜,印第安纳步行者,56,105

2017-02-05,209.5,大,费城76人,52,102,赢,-7.5,胜,迈阿密热火,64,125

2017-02-05,214.5,大,克里夫兰骑士,64,111,输,5.5,负,纽约尼克斯,45,104

2017-02-05,198.5,大,夏洛特黄蜂,44,98,输,-9.5,胜,犹他爵士,52,105

2017-02-05,220.5,大,密尔沃基雄鹿,74,137,输,2.5,负,菲尼克斯太阳,66,112

2017-02-05,223.5,小,丹佛掘金,50,97,赢,-13.5,胜,圣安东尼奥马刺,56,121

2017-02-05,204.5,大,孟菲斯灰熊,48,107,输,-3.5,负,明尼苏达森林狼,48,99

2017-04-06,240.5,小,丹佛掘金,50,104,输,-8.5,胜,休斯顿火箭,59,110

2017-04-06,209.5,小,洛杉矶湖人,53,102,输,-13.5,负,圣安东尼奥马刺,41,95

2017-04-06,229.5,大,金州勇士,58,120,赢,10.5,负,菲尼克斯太阳,52,111

2017-04-06,203.5,大,达拉斯独行侠,49,101,输,-11.5,胜,洛杉矶快船,62,112

2017-04-07,211.5,小,芝加哥公牛,53,102,输,4.5,负,费城76人,47,90

2017-04-07,224.5,小,布鲁克林篮网队,50,107,赢,-1.5,胜,奥兰多魔术,50,115

2017-04-07,203.5,小,密尔沃基雄鹿,50,89,赢,-4.5,胜,印第安纳步行者,56,104

2017-04-07,217.5,小,华盛顿奇才,59,106,赢,6.5,负,纽约尼克斯,51,103

2017-04-07,210.5,大,波士顿凯尔特人,55,116,赢,2.5,胜,亚特兰大老鹰,71,123

2017-04-07,218.5,小,明尼苏达森林狼,61,98,赢,-6.5,胜,波特兰开拓者,53,105

2017-04-08,212.5,大,亚特兰大老鹰,52,114,输,-13.5,负,克里夫兰骑士,50,100

2017-04-08,206.5,小,迈阿密热火,43,94,输,-5.5,胜,多伦多猛龙,53,96

2017-03-05,221.5,小,夏洛特黄蜂,61,112,输,-4.5,负,丹佛掘金,52,102

2017-03-05,220.5,大,孟菲斯灰熊,51,108,赢,-8.5,胜,休斯顿火箭,55,123

2017-03-05,223.5,大,布鲁克林篮网队,57,116,赢,-11.5,胜,波特兰开拓者,58,130

2017-03-06,209.5,小,印第安纳步行者,50,97,输,-4.5,负,亚特兰大老鹰,50,96

2017-03-06,221.5,小,金州勇士,49,112,赢,12.5,负,纽约尼克斯,50,105

2017-03-06,218.5,大,奥兰多魔术,61,114,输,-13.5,胜,华盛顿奇才,45,115

2017-03-06,229.5,小,波士顿凯尔特人,42,106,赢,5.5,胜,菲尼克斯太阳,49,109

2017-03-06,192.5,大,犹他爵士,45,110,赢,10.5,负,萨克拉门托国王,59,109

2017-03-06,206.5,小,俄克拉荷马雷霆,50,89,赢,0.0,胜,达拉斯独行侠,60,104

2017-03-06,216.5,小,新奥尔良鹈鹕,55,105,输,7.5,负,洛杉矶湖人,59,97

2017-03-07,212.5,小,密尔沃基雄鹿,60,112,输,4.5,负,费城76人,43,98

2017-03-07,212.5,小,迈阿密热火,62,106,输,-7.5,负,克里夫兰骑士,52,98

2017-01-06,219.5,大,布鲁克林篮网队,52,109,赢,-9.5,胜,印第安纳步行者,59,121

2017-01-06,207.5,大,夏洛特黄蜂,48,114,输,-6.5,胜,底特律活塞,58,115

2017-01-06,200.5,小,犹他爵士,52,93,赢,-4.5,胜,多伦多猛龙,48,101

2017-01-06,227.5,大,俄克拉荷马雷霆,56,116,输,-8.5,胜,休斯顿火箭,67,118

2017-01-06,208.5,小,亚特兰大老鹰,42,99,输,-2.5,负,新奥尔良鹈鹕,47,94

2017-01-06,205.5,小,菲尼克斯太阳,41,102,输,-4.5,负,达拉斯独行侠,45,95

2017-01-06,221.5,大,洛杉矶湖人,62,109,赢,-7.5,胜,波特兰开拓者,53,118

2017-01-06,211.5,大,圣安东尼奥马刺,58,127,输,6.5,负,丹佛掘金,53,99

2017-01-07,224.5,小,休斯顿火箭,44,100,输,5.5,负,奥兰多魔术,52,93

2017-01-07,212.5,大,明尼苏达森林狼,48,105,赢,-4.5,胜,华盛顿奇才,56,112

2017-01-07,221.5,大,克里夫兰骑士,50,116,赢,12.5,负,布鲁克林篮网队,39,108

2017-01-07,211.5,大,费城76人,62,106,输,-11.5,胜,波士顿凯尔特人,51,110

2016-12-05,211.5,小,萨克拉门托国王,41,98,赢,-1.5,胜,纽约尼克斯,55,106

2016-12-05,206.5,大,印第安纳步行者,48,111,输,-11.5,负,洛杉矶快船,52,102

2016-12-06,209.5,小,丹佛掘金,51,106,输,3.5,负,费城76人,53,98

2016-12-06,210.5,小,俄克拉荷马雷霆,55,102,输,-2.5,负,亚特兰大老鹰,54,99

2016-12-06,219.5,大,华盛顿奇才,51,118,赢,5.5,负,布鲁克林篮网队,66,113

2016-12-06,216.5,大,克里夫兰骑士,62,116,输,-1.5,负,多伦多猛龙,61,112

2016-12-06,216.5,小,波士顿凯尔特人,48,106,输,-4.5,胜,休斯顿火箭,58,107

2016-12-06,216.5,大,波特兰开拓者,65,112,输,-4.5,负,芝加哥公牛,57,110

2016-12-06,197.5,大,孟菲斯灰熊,44,110,输,-4.5,负,新奥尔良鹈鹕,46,108

2016-12-06,206.5,小,圣安东尼奥马刺,35,97,赢,5.5,负,密尔沃基雄鹿,48,96

2016-12-06,190.5,大,夏洛特黄蜂,48,109,输,4.5,负,达拉斯独行侠,50,101

2016-11-08,197.5,小,底特律活塞,32,82,赢,-8.5,胜,洛杉矶快船,62,114

2016-11-08,222.5,小,新奥尔良鹈鹕,49,106,输,-17.5,胜,金州勇士,63,116

2016-11-09,206.5,大,亚特兰大老鹰,53,110,输,-7.5,负,克里夫兰骑士,42,106

2016-11-09,205.5,大,明尼苏达森林狼,65,110,赢,4.5,胜,布鲁克林篮网队,66,119

2016-11-09,200.5,大,丹佛掘金,56,107,输,-3.5,胜,孟菲斯灰熊,56,108

2016-11-09,217.5,大,菲尼克斯太阳,55,121,输,-7.5,胜,波特兰开拓者,63,124

2016-11-09,202.5,小,新奥尔良鹈鹕,46,94,赢,-5.5,胜,萨克拉门托国王,53,102

2016-11-09,205.5,大,达拉斯独行侠,58,109,输,-4.5,负,洛杉矶湖人,54,97

2016-11-10,193.5,大,犹他爵士,58,98,赢,-2.5,胜,夏洛特黄蜂,51,104

2016-11-10,201.5,大,明尼苏达森林狼,74,123,输,-2.5,负,奥兰多魔术,47,107

2016-11-10,213.5,小,布鲁克林篮网队,55,96,赢,-8.5,胜,纽约尼克斯,50,110

2016-11-10,215.5,小,波士顿凯尔特人,43,93,赢,-1.5,胜,华盛顿奇才,58,118

2017-02-05,226.5,小,金州勇士,56,106,赢,15.5,胜,萨克拉门托国王,56,109

2017-02-06,216.5,小,多伦多猛龙,55,103,输,6.5,负,布鲁克林篮网队,43,95

2017-02-06,222.5,小,洛杉矶快船,47,102,输,-5.5,胜,波士顿凯尔特人,56,107

2017-02-06,216.5,小,波特兰开拓者,52,99,输,-6.5,胜,俄克拉荷马雷霆,46,105

2017-02-07,212.5,小,俄克拉荷马雷霆,52,90,输,-3.5,胜,印第安纳步行者,41,93

2017-02-07,220.5,大,克里夫兰骑士,54,140,输,2.5,负,华盛顿奇才,57,135

2017-02-07,220.5,大,洛杉矶湖人,61,121,输,-6.5,负,纽约尼克斯,45,107

2017-02-07,213.5,小,费城76人,46,96,赢,-9.5,胜,底特律活塞,55,113

2017-02-07,196.5,大,犹他爵士,54,120,输,-2.5,负,亚特兰大老鹰,50,95

2017-02-07,216.5,大,洛杉矶快船,60,109,赢,-6.5,胜,多伦多猛龙,70,118

2017-02-07,221.5,小,菲尼克斯太阳,42,106,赢,-4.5,胜,新奥尔良鹈鹕,47,111

2017-02-07,206.5,大,迈阿密热火,71,115,输,-1.5,负,明尼苏达森林狼,57,113

2017-04-08,196.5,小,纽约尼克斯,47,88,赢,-12.5,胜,孟菲斯灰熊,53,101

2017-04-08,223.5,小,底特律活塞,52,114,输,-12.5,负,休斯顿火箭,54,109

2017-04-08,189.5,大,圣安东尼奥马刺,50,102,输,-6.5,负,达拉斯独行侠,61,89

2017-04-08,197.5,大,明尼苏达森林狼,60,113,输,-10.5,胜,犹他爵士,55,120

2017-04-08,230.5,小,新奥尔良鹈鹕,50,106,赢,-7.5,胜,丹佛掘金,51,122

2017-04-08,228.5,小,俄克拉荷马雷霆,48,99,赢,9.5,胜,菲尼克斯太阳,71,120

2017-04-08,216.5,小,萨克拉门托国王,45,94,赢,-3.5,胜,洛杉矶湖人,44,98

2017-04-09,216.5,小,芝加哥公牛,45,106,赢,4.5,胜,布鲁克林篮网队,51,107

2017-04-09,214.5,大,波士顿凯尔特人,71,121,输,-2.5,负,夏洛特黄蜂,54,114

2017-04-09,211.5,大,印第安纳步行者,68,127,输,5.5,负,奥兰多魔术,59,112

2017-03-07,208.5,大,纽约尼克斯,51,113,输,-3.5,负,奥兰多魔术,54,105

2017-03-07,204.5,小,芝加哥公牛,55,95,赢,-4.5,胜,底特律活塞,51,109

2017-03-07,215.5,大,金州勇士,61,119,输,6.5,负,亚特兰大老鹰,66,111

2017-03-07,213.5,大,布鲁克林篮网队,56,122,输,-11.5,负,孟菲斯灰熊,57,109

2017-03-07,205.5,小,印第安纳步行者,37,88,赢,-5.5,胜,夏洛特黄蜂,58,100

2017-03-07,223.5,小,休斯顿火箭,54,110,输,-4.5,胜,圣安东尼奥马刺,47,112

2017-03-07,196.5,小,新奥尔良鹈鹕,34,83,输,-6.5,胜,犹他爵士,43,88

2017-03-07,217.5,小,萨克拉门托国王,50,96,赢,-11.5,胜,丹佛掘金,57,108

2017-03-07,217.5,大,波士顿凯尔特人,46,102,赢,-6.5,胜,洛杉矶快船,43,116

2017-03-08,220.5,大,波特兰开拓者,61,126,输,-5.5,负,俄克拉荷马雷霆,67,121

2017-03-08,205.5,大,洛杉矶湖人,52,111,赢,-10.5,胜,达拉斯独行侠,70,122

2017-03-08,229.5,大,华盛顿奇才,68,131,输,3.5,负,菲尼克斯太阳,61,127

2017-01-07,213.5,大,纽约尼克斯,53,116,输,-5.5,负,密尔沃基雄鹿,65,111

2017-01-07,213.5,大,迈阿密热火,56,100,赢,-2.5,胜,洛杉矶湖人,58,127

2017-01-07,212.5,小,洛杉矶快船,53,106,输,3.5,负,萨克拉门托国王,41,98

2017-01-07,214.5,大,孟菲斯灰熊,55,128,输,-12.5,负,金州勇士,67,119

2017-01-08,215.5,大,纽约尼克斯,43,109,赢,-6.5,胜,印第安纳步行者,62,123

2017-01-08,211.5,大,新奥尔良鹈鹕,53,108,赢,-6.5,胜,波士顿凯尔特人,57,117

2016-12-06,198.5,大,犹他爵士,57,107,输,3.5,负,洛杉矶湖人,53,101

2016-12-06,223.5,大,印第安纳步行者,50,106,赢,-13.5,胜,金州勇士,80,142

2016-12-07,198.5,大,奥兰多魔术,65,124,输,-2.5,负,华盛顿奇才,52,116

2016-12-07,204.5,大,纽约尼克斯,53,114,输,-1.5,负,迈阿密热火,54,103

2016-12-07,199.5,小,芝加哥公牛,44,91,赢,-5.5,胜,底特律活塞,51,102

2016-12-07,193.5,小,费城76人,43,91,输,-7.5,胜,孟菲斯灰熊,47,96

2016-12-07,205.5,小,圣安东尼奥马刺,43,105,输,3.5,负,明尼苏达森林狼,46,91

2016-12-07,203.5,大,菲尼克斯太阳,45,105,赢,-6.5,胜,犹他爵士,65,112

2016-12-08,205.5,小,底特律活塞,39,77,赢,-4.5,胜,夏洛特黄蜂,38,87

2016-11-10,209.5,大,费城76人,60,115,输,-11.5,胜,印第安纳步行者,54,122

2016-11-10,203.5,大,芝加哥公牛,61,107,赢,-3.5,胜,亚特兰大老鹰,68,115

2016-11-10,202.5,大,多伦多猛龙,62,112,输,-3.5,负,俄克拉荷马雷霆,55,102

2016-11-10,204.5,大,底特律活塞,51,100,赢,3.5,胜,菲尼克斯太阳,54,107

2016-11-10,210.5,小,休斯顿火箭,63,101,输,-8.5,负,圣安东尼奥马刺,60,99

2016-11-10,210.5,大,达拉斯独行侠,36,95,赢,-15.5,胜,金州勇士,67,116

2016-11-10,208.5,小,波特兰开拓者,32,80,赢,-10.5,胜,洛杉矶快船,61,111

2016-11-11,199.5,小,芝加哥公牛,53,98,输,-1.5,负,迈阿密热火,53,95

2016-11-11,207.5,大,新奥尔良鹈鹕,61,112,输,-4.5,负,密尔沃基雄鹿,54,106

2016-11-11,220.5,大,金州勇士,65,125,输,6.5,负,丹佛掘金,51,101

2016-11-11,211.5,小,洛杉矶湖人,45,101,输,-5.5,负,萨克拉门托国王,55,91

2017-02-07,213.5,小,达拉斯独行侠,37,87,赢,-3.5,胜,丹佛掘金,59,110

2017-02-07,200.5,小,圣安东尼奥马刺,40,74,赢,-1.5,胜,孟菲斯灰熊,40,89

2017-02-07,206.5,大,芝加哥公牛,60,112,输,-5.5,负,萨克拉门托国王,45,107

2017-02-08,217.5,大,布鲁克林篮网队,37,107,输,-11.5,胜,夏洛特黄蜂,54,111

2017-02-08,222.5,大,奥兰多魔术,54,104,赢,-10.5,胜,休斯顿火箭,70,128

2017-02-08,206.5,大,波特兰开拓者,64,114,赢,3.5,负,达拉斯独行侠,53,113

2017-02-09,215.5,大,克里夫兰骑士,57,132,输,4.5,负,印第安纳步行者,63,117

2017-02-09,208.5,大,圣安东尼奥马刺,58,111,赢,9.5,负,费城76人,51,103

2017-02-09,216.5,大,洛杉矶湖人,50,102,赢,-7.5,胜,底特律活塞,56,121

2017-02-09,221.5,大,华盛顿奇才,59,114,赢,9.5,负,布鲁克林篮网队,49,110

2017-02-09,224.5,小,丹佛掘金,55,106,赢,-3.5,胜,亚特兰大老鹰,72,117

2017-04-09,205.5,小,密尔沃基雄鹿,42,90,输,5.5,负,费城76人,48,82

2017-04-09,218.5,小,迈阿密热火,52,106,输,-4.5,负,华盛顿奇才,52,103

2017-04-09,208.5,小,洛杉矶快船,52,98,输,-2.5,负,圣安东尼奥马刺,43,87

2017-04-09,203.5,小,犹他爵士,42,86,赢,-3.5,胜,波特兰开拓者,48,101

2017-04-09,217.5,大,新奥尔良鹈鹕,46,101,赢,-17.5,胜,金州勇士,54,123

2017-04-09,200.5,大,多伦多猛龙,52,110,输,9.5,负,纽约尼克斯,55,97

2017-04-10,215.5,大,克里夫兰骑士,65,125,赢,6.5,胜,亚特兰大老鹰,46,126

2017-04-10,230.5,小,俄克拉荷马雷霆,52,106,输,-4.5,负,丹佛掘金,53,105

2017-04-10,193.5,小,底特律活塞,48,103,输,-6.5,负,孟菲斯灰熊,57,90

2017-04-10,209.5,大,达拉斯独行侠,65,111,赢,-1.5,胜,菲尼克斯太阳,68,124

2017-04-10,226.5,大,休斯顿火箭,78,135,赢,10.5,负,萨克拉门托国王,62,128

2017-03-09,205.5,小,芝加哥公牛,53,91,赢,0.0,胜,奥兰多魔术,43,98

2017-03-09,219.5,小,布鲁克林篮网队,50,105,输,-9.5,胜,亚特兰大老鹰,46,110

2017-03-09,204.5,大,夏洛特黄蜂,54,101,赢,-3.5,胜,迈阿密热火,54,108

2017-03-09,208.5,小,纽约尼克斯,56,93,赢,-5.5,胜,密尔沃基雄鹿,55,104

2017-03-09,206.5,大,底特律活塞,50,98,赢,-4.5,胜,印第安纳步行者,58,115

2017-03-09,203.5,小,多伦多猛龙,45,94,输,-4.5,负,新奥尔良鹈鹕,46,87

2017-03-09,216.5,大,犹他爵士,64,115,输,-6.5,负,休斯顿火箭,53,108

2017-03-09,211.5,小,洛杉矶快船,55,91,赢,2.5,胜,明尼苏达森林狼,58,107

2017-03-09,197.5,大,萨克拉门托国王,63,104,输,-13.5,胜,圣安东尼奥马刺,48,114

2017-03-09,224.5,大,华盛顿奇才,67,123,输,2.5,负,丹佛掘金,50,113

2017-03-09,222.5,小,波士顿凯尔特人,46,99,输,-7.5,负,金州勇士,50,86

2017-01-08,207.5,大,多伦多猛龙,61,118,赢,2.5,胜,芝加哥公牛,48,123

2017-01-08,194.5,小,犹他爵士,47,94,赢,3.5,负,明尼苏达森林狼,48,92

2017-01-08,220.5,大,丹佛掘金,60,106,赢,-6.5,胜,俄克拉荷马雷霆,60,121

2017-01-08,207.5,小,夏洛特黄蜂,50,85,赢,-10.5,胜,圣安东尼奥马刺,47,102

2017-01-08,196.5,小,亚特兰大老鹰,45,97,输,1.5,负,达拉斯独行侠,42,82

2017-01-09,214.5,小,费城76人,46,105,输,-1.5,负,布鲁克林篮网队,57,95

2017-01-09,206.5,小,迈阿密热火,39,86,赢,-10.5,胜,洛杉矶快船,52,98

2017-01-09,212.5,小,华盛顿奇才,49,107,输,1.5,负,密尔沃基雄鹿,57,101

2017-01-09,227.5,大,休斯顿火箭,61,129,输,3.5,负,多伦多猛龙,63,122

2016-12-08,198.5,大,波士顿凯尔特人,49,117,输,2.5,负,奥兰多魔术,50,87

2016-12-08,199.5,小,迈阿密热火,46,95,输,-8.5,胜,亚特兰大老鹰,53,103

2016-12-08,221.5,大,丹佛掘金,52,111,赢,4.5,胜,布鲁克林篮网队,68,116

2016-12-08,217.5,大,波特兰开拓者,58,107,赢,-2.5,胜,密尔沃基雄鹿,51,115

2016-12-08,220.5,大,洛杉矶湖人,55,95,赢,-12.5,胜,休斯顿火箭,67,134

2016-12-08,214.5,大,克里夫兰骑士,63,126,输,8.5,负,纽约尼克斯,48,94

2016-12-08,194.5,大,萨克拉门托国王,56,120,输,3.5,负,达拉斯独行侠,52,89

2016-11-12,209.5,小,克里夫兰骑士,58,105,输,7.5,负,华盛顿奇才,56,94

2016-11-12,213.5,大,印第安纳步行者,52,105,赢,4.5,胜,费城76人,51,109

2016-11-12,199.5,大,多伦多猛龙,58,113,输,-1.5,负,夏洛特黄蜂,44,111

2016-11-12,192.5,小,犹他爵士,42,87,输,4.5,负,奥兰多魔术,38,74

2016-11-12,216.5,小,纽约尼克斯,51,87,赢,-5.5,胜,波士顿凯尔特人,61,115

2016-11-12,203.5,大,洛杉矶快船,50,110,赢,4.5,负,俄克拉荷马雷霆,50,108

2016-11-12,195.5,小,底特律活塞,52,86,赢,-8.5,胜,圣安东尼奥马刺,49,96

2016-11-12,209.5,大,萨克拉门托国王,57,120,输,-6.5,胜,波特兰开拓者,62,122

2016-11-13,213.5,小,波士顿凯尔特人,48,105,输,0.0,负,印第安纳步行者,45,99

2016-11-13,214.5,大,洛杉矶湖人,55,126,输,0.0,负,新奥尔良鹈鹕,56,99

2017-02-09,211.5,小,菲尼克斯太阳,38,91,赢,-8.5,胜,孟菲斯灰熊,46,110

2017-02-09,200.5,大,犹他爵士,62,127,输,3.5,负,新奥尔良鹈鹕,53,94

2017-02-09,218.5,大,洛杉矶快船,68,119,输,2.5,负,纽约尼克斯,67,115

2017-02-09,209.5,小,迈阿密热火,55,106,输,-2.5,负,密尔沃基雄鹿,44,88

2017-02-09,211.5,大,多伦多猛龙,63,109,赢,4.5,胜,明尼苏达森林狼,53,112

2017-02-09,220.5,小,芝加哥公牛,41,92,赢,-19.5,胜,金州勇士,55,123

2017-02-09,212.5,小,波士顿凯尔特人,49,92,赢,9.5,胜,萨克拉门托国王,49,108

2017-02-10,210.5,大,费城76人,55,112,输,-4.5,负,奥兰多魔术,48,111

2017-02-10,225.5,小,休斯顿火箭,50,107,输,4.5,负,夏洛特黄蜂,54,95

2017-02-10,218.5,大,克里夫兰骑士,57,109,赢,-2.5,胜,俄克拉荷马雷霆,55,118

2017-02-10,192.5,大,犹他爵士,54,105,赢,2.5,胜,达拉斯独行侠,42,112

2017-04-10,219.5,小,明尼苏达森林狼,51,109,赢,7.5,胜,洛杉矶湖人,53,110

2017-04-11,211.5,大,印第安纳步行者,64,120,输,7.5,负,费城76人,54,111

2017-04-11,204.5,大,克里夫兰骑士,60,121,输,-9.5,胜,迈阿密热火,56,124

2017-04-11,223.5,小,布鲁克林篮网队,40,105,输,-9.5,胜,波士顿凯尔特人,58,114

2017-04-11,198.5,小,夏洛特黄蜂,46,79,赢,-5.5,胜,密尔沃基雄鹿,43,89

2017-04-11,212.5,小,奥兰多魔术,37,75,赢,-7.5,胜,芝加哥公牛,64,122

2017-04-11,210.5,小,华盛顿奇才,55,105,输,-7.5,负,底特律活塞,42,101

2017-04-11,194.5,大,圣安东尼奥马刺,43,98,赢,10.5,胜,波特兰开拓者,47,99

2017-04-11,205.5,小,犹他爵士,49,105,输,-11.5,负,金州勇士,51,99

2017-04-11,231.5,小,休斯顿火箭,57,96,赢,-10.5,胜,洛杉矶快船,61,125

2017-04-12,202.5,小,夏洛特黄蜂,44,76,赢,-8.5,胜,亚特兰大老鹰,63,103

2017-03-10,216.5,小,克里夫兰骑士,52,101,赢,4.5,胜,底特律活塞,55,106

2017-03-10,207.5,大,洛杉矶快船,54,114,输,-2.5,负,孟菲斯灰熊,45,98

2017-03-10,210.5,小,圣安东尼奥马刺,49,92,赢,2.5,胜,俄克拉荷马雷霆,56,102

2017-03-10,221.5,大,费城76人,52,108,输,-9.5,胜,波特兰开拓者,57,114

2017-03-10,230.5,大,洛杉矶湖人,61,122,输,-5.5,负,菲尼克斯太阳,63,110

2017-03-11,204.5,小,奥兰多魔术,40,81,赢,-10.5,胜,夏洛特黄蜂,58,121

2017-03-11,203.5,小,印第安纳步行者,50,85,赢,-2.5,胜,密尔沃基雄鹿,45,99

2017-03-11,212.5,小,金州勇士,53,102,赢,6.5,胜,明尼苏达森林狼,62,103

2017-03-11,204.5,小,多伦多猛龙,48,99,赢,-4.5,胜,亚特兰大老鹰,49,105

2017-03-11,222.5,小,休斯顿火箭,56,115,输,5.5,负,芝加哥公牛,49,94

2017-03-11,223.5,小,波士顿凯尔特人,54,99,赢,3.5,胜,丹佛掘金,65,119

2017-03-11,213.5,小,布鲁克林篮网队,49,96,输,-11.5,胜,达拉斯独行侠,46,105

2017-01-09,187.5,小,犹他爵士,35,79,赢,-3.5,胜,孟菲斯灰熊,42,88

2017-01-09,220.5,大,克里夫兰骑士,69,120,赢,8.5,负,菲尼克斯太阳,53,116

2017-01-09,212.5,大,底特律活塞,53,125,输,-3.5,负,波特兰开拓者,56,124

2017-01-09,225.5,小,金州勇士,51,117,输,10.5,负,萨克拉门托国王,58,106

2017-01-09,216.5,小,奥兰多魔术,60,95,赢,-3.5,胜,洛杉矶湖人,62,111

2017-01-10,215.5,小,新奥尔良鹈鹕,60,110,输,-3.5,负,纽约尼克斯,51,96

2017-01-10,196.5,小,达拉斯独行侠,46,92,赢,-3.5,胜,明尼苏达森林狼,54,101

2017-01-10,209.5,小,俄克拉荷马雷霆,61,109,输,1.5,负,芝加哥公牛,46,94

2017-01-11,203.5,小,芝加哥公牛,61,99,输,-10.5,胜,华盛顿奇才,49,101

2017-01-11,218.5,大,波士顿凯尔特人,55,106,赢,-4.5,胜,多伦多猛龙,46,114

2017-01-11,214.5,小,亚特兰大老鹰,61,117,输,7.5,负,布鲁克林篮网队,43,97

2017-01-11,226.5,大,夏洛特黄蜂,47,114,输,-10.5,胜,休斯顿火箭,67,121

2016-12-08,218.5,小,印第安纳步行者,49,109,输,4.5,负,菲尼克斯太阳,53,94

2016-12-08,223.5,小,金州勇士,62,115,输,4.5,负,洛杉矶快船,49,98

2016-12-09,217.5,小,丹佛掘金,52,85,赢,-5.5,胜,华盛顿奇才,47,92

2016-12-09,214.5,大,明尼苏达森林狼,59,110,赢,-8.5,胜,多伦多猛龙,59,124

2016-12-09,205.5,小,波特兰开拓者,50,86,赢,4.5,胜,孟菲斯灰熊,43,88

2016-12-09,204.5,小,费城76人,52,99,输,-7.5,负,新奥尔良鹈鹕,57,88

2016-12-09,210.5,小,金州勇士,65,106,赢,11.5,负,犹他爵士,46,99

2016-12-09,199.5,小,圣安东尼奥马刺,32,91,赢,2.5,胜,芝加哥公牛,45,95

2016-12-10,200.5,小,奥兰多魔术,46,88,赢,-6.5,胜,夏洛特黄蜂,52,109

2016-12-10,210.5,小,迈阿密热火,46,84,赢,-12.5,胜,克里夫兰骑士,57,114

2016-12-10,208.5,小,多伦多猛龙,42,101,输,-1.5,负,波士顿凯尔特人,50,94

2016-11-13,206.5,大,纽约尼克斯,56,107,赢,-7.5,胜,多伦多猛龙,53,118

2016-11-13,204.5,大,费城76人,48,96,赢,-14.5,胜,亚特兰大老鹰,59,117

2016-11-13,205.5,大,洛杉矶快船,60,119,输,4.5,负,明尼苏达森林狼,51,105

2016-11-13,186.5,大,犹他爵士,52,102,输,1.5,负,迈阿密热火,47,91

2016-11-13,201.5,小,华盛顿奇才,56,95,赢,-9.5,胜,芝加哥公牛,53,106

2016-11-13,208.5,小,圣安东尼奥马刺,49,106,输,1.5,负,休斯顿火箭,40,100

2016-11-13,201.5,大,孟菲斯灰熊,39,96,赢,-2.5,胜,密尔沃基雄鹿,44,106

2016-11-13,201.5,小,底特律活塞,57,106,输,-4.5,负,丹佛掘金,49,95

2016-11-13,219.5,大,布鲁克林篮网队,58,122,输,-4.5,负,菲尼克斯太阳,45,104

2016-11-14,208.5,小,夏洛特黄蜂,54,93,输,-7.5,胜,克里夫兰骑士,52,100

2017-02-10,223.5,大,波士顿凯尔特人,49,120,输,-4.5,负,波特兰开拓者,55,111

2017-02-11,212.5,小,迈阿密热火,49,108,输,6.5,负,布鲁克林篮网队,53,99

2017-02-11,228.5,大,丹佛掘金,64,131,输,-3.5,负,纽约尼克斯,66,123

2017-02-11,209.5,小,圣安东尼奥马刺,60,103,输,4.5,负,底特律活塞,41,92

2017-02-11,216.5,大,金州勇士,62,122,输,7.5,负,孟菲斯灰熊,49,107

2017-02-11,210.5,大,新奥尔良鹈鹕,61,122,输,-3.5,负,明尼苏达森林狼,65,106

2017-02-11,214.5,大,印第安纳步行者,59,107,赢,-4.5,胜,华盛顿奇才,59,112

2017-02-11,219.5,大,洛杉矶湖人,76,122,输,-6.5,负,密尔沃基雄鹿,55,114

2017-02-11,217.5,小,芝加哥公牛,43,97,赢,4.5,胜,菲尼克斯太阳,56,115

2017-02-11,208.5,大,亚特兰大老鹰,59,107,赢,3.5,胜,萨克拉门托国王,43,108

2017-02-12,216.5,小,洛杉矶快船,53,107,输,-2.5,负,夏洛特黄蜂,51,102

2017-04-12,206.5,小,俄克拉荷马雷霆,56,100,输,-8.5,负,明尼苏达森林狼,43,98

2017-04-12,212.5,小,丹佛掘金,57,109,输,-2.5,负,达拉斯独行侠,44,91

2017-04-12,219.5,大,菲尼克斯太阳,39,104,赢,-4.5,胜,萨克拉门托国王,58,129

2017-04-12,217.5,小,新奥尔良鹈鹕,53,96,赢,-4.5,胜,洛杉矶湖人,57,108

2017-04-13,190.5,大,达拉斯独行侠,46,100,输,-8.5,负,孟菲斯灰熊,55,93

2017-04-13,206.5,大,华盛顿奇才,50,102,输,-9.5,胜,迈阿密热火,56,110

2017-04-13,226.5,小,丹佛掘金,56,111,输,-4.5,负,俄克拉荷马雷霆,64,105

2017-04-13,228.5,大,明尼苏达森林狼,60,118,输,-9.5,胜,休斯顿火箭,60,123

2017-04-13,207.5,小,密尔沃基雄鹿,56,94,赢,-13.5,胜,波士顿凯尔特人,57,112

2017-04-13,213.5,小,布鲁克林篮网队,32,73,赢,-15.5,胜,芝加哥公牛,50,112

2017-04-13,202.5,小,亚特兰大老鹰,43,86,赢,-16.5,胜,印第安纳步行者,50,104

2017-04-13,206.5,大,底特律活塞,49,109,赢,-2.5,胜,奥兰多魔术,59,113

2017-03-11,213.5,大,华盛顿奇才,56,130,输,7.5,负,萨克拉门托国王,68,122

2017-03-12,207.5,大,犹他爵士,48,104,赢,-5.5,胜,俄克拉荷马雷霆,62,112

2017-03-12,216.5,小,费城76人,57,100,输,-16.5,胜,洛杉矶快船,56,112

2017-03-12,211.5,小,纽约尼克斯,53,92,赢,-7.5,胜,底特律活塞,66,112

2017-03-12,215.5,大,克里夫兰骑士,59,116,输,10.5,负,奥兰多魔术,51,104

2017-03-12,202.5,大,新奥尔良鹈鹕,59,125,输,-2.5,负,夏洛特黄蜂,58,122

2017-03-12,201.5,小,多伦多猛龙,41,89,赢,-4.5,胜,迈阿密热火,59,104

2017-03-12,203.5,小,明尼苏达森林狼,48,95,赢,-1.5,胜,密尔沃基雄鹿,48,102

2017-03-12,199.5,小,金州勇士,44,85,赢,-9.5,胜,圣安东尼奥马刺,64,107

2017-03-12,215.5,小,菲尼克斯太阳,45,100,输,-5.5,负,达拉斯独行侠,47,98

2017-03-12,206.5,小,亚特兰大老鹰,47,107,输,-8.5,负,孟菲斯灰熊,35,90

2017-03-12,224.5,大,华盛顿奇才,49,125,输,-3.5,负,波特兰开拓者,70,124

2017-01-11,199.5,大,密尔沃基雄鹿,53,109,输,-9.5,负,圣安东尼奥马刺,59,107

2017-01-11,201.5,小,克里夫兰骑士,41,92,赢,2.5,胜,犹他爵士,56,100

2017-01-11,220.5,小,迈阿密热火,54,95,输,-14.5,胜,金州勇士,53,107

2017-01-11,228.5,小,波特兰开拓者,55,108,输,1.5,负,洛杉矶湖人,57,87

2017-01-11,206.5,小,底特律活塞,56,94,赢,-3.5,胜,萨克拉门托国王,43,100

2017-01-12,210.5,小,纽约尼克斯,52,97,赢,1.5,胜,费城76人,47,98

2017-01-12,216.5,大,华盛顿奇才,59,108,赢,-5.5,胜,波士顿凯尔特人,55,117

2017-01-12,216.5,大,休斯顿火箭,54,105,赢,2.5,胜,明尼苏达森林狼,55,119

2017-01-12,204.5,小,孟菲斯灰熊,44,95,赢,-4.5,胜,俄克拉荷马雷霆,55,103

2017-01-12,206.5,小,奥兰多魔术,51,96,输,-11.5,胜,洛杉矶快船,56,105

2016-12-10,203.5,大,底特律活塞,49,117,输,2.5,负,明尼苏达森林狼,43,90

2016-12-10,207.5,大,亚特兰大老鹰,44,114,输,-2.5,负,密尔沃基雄鹿,64,110

2016-12-10,224.5,小,休斯顿火箭,55,102,输,0.0,负,俄克拉荷马雷霆,49,99

2016-12-10,201.5,大,印第安纳步行者,52,103,赢,4.5,胜,达拉斯独行侠,54,111

2016-12-10,219.5,大,菲尼克斯太阳,62,119,输,-1.5,负,洛杉矶湖人,52,115

2016-12-10,210.5,小,纽约尼克斯,54,103,输,-4.5,负,萨克拉门托国王,53,100

2016-12-11,217.5,大,波特兰开拓者,71,111,赢,1.5,胜,印第安纳步行者,64,118

2016-12-11,210.5,大,密尔沃基雄鹿,52,105,赢,-4.5,胜,华盛顿奇才,52,110

2016-12-11,206.5,大,丹佛掘金,65,121,输,2.5,负,奥兰多魔术,58,113

2016-12-11,210.5,大,夏洛特黄蜂,52,105,赢,-7.5,胜,克里夫兰骑士,67,116

2016-12-11,199.5,大,迈阿密热火,55,100,输,-9.5,胜,芝加哥公牛,55,105

2016-12-11,209.5,小,金州勇士,38,89,赢,12.5,胜,孟菲斯灰熊,61,110

2016-11-14,215.5,大,洛杉矶湖人,46,99,赢,-1.5,胜,明尼苏达森林狼,69,125

2016-11-14,203.5,大,奥兰多魔术,57,119,输,-9.5,负,俄克拉荷马雷霆,47,117

2016-11-14,230.5,大,菲尼克斯太阳,59,120,输,-16.5,胜,金州勇士,62,133

2016-11-14,216.5,大,丹佛掘金,57,105,输,-7.5,胜,波特兰开拓者,50,112

2016-11-15,206.5,小,奥兰多魔术,37,69,赢,-7.5,胜,印第安纳步行者,41,88

2016-11-15,201.5,小,俄克拉荷马雷霆,47,88,赢,0.0,胜,底特律活塞,59,104

2016-11-15,204.5,小,达拉斯独行侠,39,77,赢,-3.5,胜,纽约尼克斯,36,93

2016-11-15,211.5,小,波士顿凯尔特人,51,105,赢,4.5,胜,新奥尔良鹈鹕,56,106

2017-02-12,212.5,大,密尔沃基雄鹿,62,116,输,-7.5,负,印第安纳步行者,52,100

2017-02-12,229.5,大,丹佛掘金,55,109,赢,-12.5,胜,克里夫兰骑士,59,125

2017-02-12,209.5,大,迈阿密热火,48,109,赢,3.5,胜,费城76人,54,117

2017-02-12,225.5,大,金州勇士,73,130,输,6.5,负,俄克拉荷马雷霆,50,114

2017-02-12,234.5,大,菲尼克斯太阳,53,102,赢,-17.5,胜,休斯顿火箭,77,133

2017-02-12,204.5,小,奥兰多魔术,35,80,赢,-7.5,胜,达拉斯独行侠,61,112

2017-02-12,203.5,大,波士顿凯尔特人,58,112,输,-7.5,负,犹他爵士,44,104

2017-02-13,205.5,大,芝加哥公牛,40,89,赢,-7.5,胜,明尼苏达森林狼,57,117

2017-02-13,212.5,小,圣安东尼奥马刺,48,90,赢,9.5,胜,纽约尼克斯,42,94

2017-02-13,211.5,小,底特律活塞,45,102,输,-7.5,负,多伦多猛龙,51,101

2017-02-13,212.5,小,新奥尔良鹈鹕,56,99,赢,-3.5,胜,萨克拉门托国王,53,105

2017-02-14,212.5,小,费城76人,48,105,输,-7.5,负,夏洛特黄蜂,47,99

2017-04-13,202.5,小,多伦多猛龙,53,98,输,3.5,负,克里夫兰骑士,34,83

2017-04-13,207.5,大,费城76人,59,113,输,-1.5,胜,纽约尼克斯,56,114

2017-04-13,193.5,大,圣安东尼奥马刺,46,97,输,-4.5,胜,犹他爵士,53,101

2017-04-13,221.5,小,洛杉矶湖人,50,94,赢,-14.5,胜,金州勇士,64,109

2017-04-13,211.5,小,萨克拉门托国王,47,95,赢,-15.5,胜,洛杉矶快船,53,115

2017-04-13,200.5,大,新奥尔良鹈鹕,53,103,输,-7.5,负,波特兰开拓者,53,100

2017-03-12,216.5,小,丹佛掘金,54,105,输,4.5,负,萨克拉门托国王,44,92

2017-03-13,208.5,小,芝加哥公牛,26,80,赢,-8.5,胜,波士顿凯尔特人,46,100

2017-01-12,220.5,小,克里夫兰骑士,41,86,赢,7.5,胜,波特兰开拓者,49,102

2017-01-13,224.5,大,印第安纳步行者,56,112,赢,4.5,胜,丹佛掘金,67,140

2017-01-13,212.5,小,新奥尔良鹈鹕,51,104,输,5.5,负,布鲁克林篮网队,57,95

2017-01-13,208.5,小,芝加哥公牛,51,89,赢,-3.5,胜,纽约尼克斯,54,104

2017-01-13,212.5,大,洛杉矶湖人,54,94,赢,-14.5,胜,圣安东尼奥马刺,72,134

2017-01-13,205.5,大,达拉斯独行侠,57,113,输,3.5,负,菲尼克斯太阳,59,108

2017-01-13,218.5,大,底特律活塞,58,107,赢,-14.5,胜,金州勇士,60,127

2017-01-14,210.5,小,夏洛特黄蜂,45,93,赢,4.5,胜,费城76人,52,102

2016-12-11,209.5,小,达拉斯独行侠,49,87,赢,-12.5,胜,休斯顿火箭,60,109

2016-12-11,210.5,大,布鲁克林篮网队,52,101,赢,-14.5,胜,圣安东尼奥马刺,67,130

2016-12-11,198.5,小,萨克拉门托国王,50,84,赢,-5.5,胜,犹他爵士,52,104

2016-12-11,203.5,大,新奥尔良鹈鹕,55,105,赢,-14.5,胜,洛杉矶快船,61,133

2016-12-12,199.5,小,费城76人,58,97,输,-12.5,负,底特律活塞,35,79

2016-12-12,209.5,小,波士顿凯尔特人,43,96,输,-3.5,胜,俄克拉荷马雷霆,39,99

2016-12-12,223.5,大,金州勇士,60,116,赢,10.5,负,明尼苏达森林狼,58,108

2016-11-15,213.5,小,费城76人,52,88,赢,-11.5,胜,休斯顿火箭,65,115

2016-11-15,191.5,小,迈阿密热火,40,90,输,-11.5,胜,圣安东尼奥马刺,55,94

2016-11-15,187.5,大,孟菲斯灰熊,56,102,输,-6.5,负,犹他爵士,48,96

2016-11-15,214.5,大,布鲁克林篮网队,47,95,赢,-15.5,胜,洛杉矶快船,71,127

2016-11-16,210.5,大,多伦多猛龙,57,117,输,-5.5,胜,克里夫兰骑士,61,121

2016-11-16,199.5,小,亚特兰大老鹰,49,93,赢,6.5,负,迈阿密热火,43,90

2016-11-16,205.5,大,夏洛特黄蜂,46,115,输,0.0,负,明尼苏达森林狼,58,108

2016-11-16,213.5,小,芝加哥公牛,56,113,输,-3.5,负,波特兰开拓者,37,88

2016-11-16,219.5,大,布鲁克林篮网队,51,118,赢,-6.5,胜,洛杉矶湖人,56,125

2016-11-17,212.5,小,克里夫兰骑士,45,93,赢,-1.5,胜,印第安纳步行者,50,103

2016-11-17,206.5,大,华盛顿奇才,48,102,赢,5.5,胜,费城76人,59,109

2017-02-14,217.5,大,俄克拉荷马雷霆,54,98,赢,-4.5,胜,华盛顿奇才,67,120

2017-02-14,208.5,大,奥兰多魔术,60,116,输,-7.5,负,迈阿密热火,57,107

2017-02-14,209.5,大,孟菲斯灰熊,52,112,赢,10.5,负,布鲁克林篮网队,42,103

2017-02-14,207.5,大,圣安东尼奥马刺,49,110,输,3.5,负,印第安纳步行者,49,106

2017-02-14,210.5,小,底特律活塞,34,89,赢,-3.5,胜,密尔沃基雄鹿,51,102

2017-02-14,210.5,小,波士顿凯尔特人,61,111,输,2.5,负,达拉斯独行侠,50,98

2017-02-14,237.5,大,金州勇士,54,110,赢,12.5,胜,丹佛掘金,79,132

2017-02-14,207.0,小,洛杉矶快船,45,88,输,-9.5,负,犹他爵士,34,72

2017-02-14,222.5,小,新奥尔良鹈鹕,53,110,输,-4.5,负,菲尼克斯太阳,58,108

2017-02-14,218.5,小,亚特兰大老鹰,42,109,输,-3.5,负,波特兰开拓者,48,104

2017-03-13,202.5,小,迈阿密热火,53,98,输,-7.5,胜,印第安纳步行者,60,102

2017-03-13,221.5,大,纽约尼克斯,49,112,赢,-2.5,胜,布鲁克林篮网队,67,120

2017-03-13,232.5,小,克里夫兰骑士,67,112,输,-6.5,胜,休斯顿火箭,58,117

2017-03-13,229.5,小,波特兰开拓者,66,110,输,1.5,负,菲尼克斯太阳,50,101

2017-03-13,221.5,大,费城76人,65,118,输,-3.5,负,洛杉矶湖人,65,116

2017-03-14,200.5,大,芝加哥公牛,58,115,输,-6.5,负,夏洛特黄蜂,48,109

2017-03-14,195.5,小,达拉斯独行侠,46,78,赢,-4.5,胜,多伦多猛龙,50,100

2017-03-14,202.5,大,亚特兰大老鹰,43,99,赢,-7.5,胜,圣安东尼奥马刺,54,107

2017-03-14,213.5,大,华盛顿奇才,56,104,赢,0.0,胜,明尼苏达森林狼,64,119

2017-03-14,201.5,大,密尔沃基雄鹿,51,93,赢,-4.5,胜,孟菲斯灰熊,61,113

2017-01-14,225.5,大,布鲁克林篮网队,53,113,赢,-14.5,胜,多伦多猛龙,54,132

2017-01-14,212.5,小,波士顿凯尔特人,48,103,输,-2.5,负,亚特兰大老鹰,44,101

2017-01-14,204.5,大,迈阿密热火,48,108,赢,-6.5,胜,密尔沃基雄鹿,65,116

2017-01-14,207.5,小,俄克拉荷马雷霆,50,86,赢,3.5,胜,明尼苏达森林狼,45,96

2017-01-14,214.5,大,孟菲斯灰熊,51,110,输,-7.5,负,休斯顿火箭,64,105

2017-01-14,213.5,大,奥兰多魔术,54,115,输,-7.5,负,波特兰开拓者,49,109

2017-01-14,191.5,小,底特律活塞,43,77,赢,-11.5,胜,犹他爵士,45,110

2017-01-14,212.5,大,克里夫兰骑士,61,120,输,8.5,负,萨克拉门托国王,43,108

2017-01-15,218.5,小,洛杉矶湖人,39,97,赢,-12.5,胜,洛杉矶快船,58,113

2016-12-12,212.5,大,新奥尔良鹈鹕,51,120,输,-2.5,负,菲尼克斯太阳,58,119

2016-12-12,216.5,大,纽约尼克斯,57,118,输,-2.5,负,洛杉矶湖人,56,112

2016-12-13,212.5,小,夏洛特黄蜂,43,94,赢,1.5,胜,印第安纳步行者,45,110

2016-12-13,205.5,大,华盛顿奇才,53,101,赢,1.5,胜,迈阿密热火,59,112

2016-12-13,213.5,大,密尔沃基雄鹿,49,100,赢,-7.5,胜,多伦多猛龙,69,122

2016-12-13,226.5,大,布鲁克林篮网队,43,118,输,-13.5,胜,休斯顿火箭,53,122

2016-12-13,201.5,大,丹佛掘金,43,92,赢,2.5,胜,达拉斯独行侠,65,112

2016-11-17,202.5,小,新奥尔良鹈鹕,40,82,赢,-6.5,胜,奥兰多魔术,52,89

2016-11-17,203.5,小,达拉斯独行侠,31,83,赢,-6.5,胜,波士顿凯尔特人,39,90

2016-11-17,209.5,小,密尔沃基雄鹿,35,100,赢,-5.5,胜,亚特兰大老鹰,52,107

2016-11-17,202.5,大,底特律活塞,49,102,赢,-1.5,胜,纽约尼克斯,54,105

2016-11-17,219.5,大,金州勇士,66,127,输,5.5,负,多伦多猛龙,53,121

2016-11-17,217.5,小,休斯顿火箭,63,103,赢,-1.5,胜,俄克拉荷马雷霆,65,105

2016-11-17,221.5,大,菲尼克斯太阳,43,104,赢,-4.5,胜,丹佛掘金,61,120

2017-02-15,218.5,大,克里夫兰骑士,69,116,输,3.5,负,明尼苏达森林狼,61,108

2017-02-15,207.5,小,多伦多猛龙,39,94,赢,5.5,胜,芝加哥公牛,58,105

2017-02-15,218.5,小,萨克拉门托国王,43,97,输,-3.5,负,洛杉矶湖人,41,96

2017-02-16,220.5,小,印第安纳步行者,54,104,赢,-6.5,胜,克里夫兰骑士,57,113

2017-02-16,205.5,小,圣安东尼奥马刺,54,107,输,9.5,负,奥兰多魔术,37,79

2017-02-16,201.5,小,达拉斯独行侠,35,91,赢,-5.5,胜,底特律活塞,62,98

2017-02-16,217.5,大,费城76人,61,108,输,-9.5,胜,波士顿凯尔特人,61,116

2017-02-16,212.5,小,夏洛特黄蜂,41,85,输,-6.5,胜,多伦多猛龙,44,90

2017-02-16,220.5,大,密尔沃基雄鹿,62,129,赢,6.5,负,布鲁克林篮网队,60,125

2017-02-16,222.5,大,迈阿密热火,58,117,输,-9.5,负,休斯顿火箭,45,109

2017-03-14,201.5,大,洛杉矶快船,56,108,赢,-3.5,胜,犹他爵士,49,114

2017-03-14,207.5,大,奥兰多魔术,58,115,赢,0.0,胜,萨克拉门托国王,58,120

2017-03-14,228.5,大,洛杉矶湖人,43,101,赢,-12.5,胜,丹佛掘金,67,129

2017-03-15,215.5,大,底特律活塞,48,96,赢,-6.5,胜,克里夫兰骑士,74,128

2017-03-15,210.5,小,印第安纳步行者,52,81,赢,2.5,胜,纽约尼克斯,42,87

2017-03-15,225.5,大,俄克拉荷马雷霆,62,122,输,5.5,负,布鲁克林篮网队,62,104

2017-01-15,206.5,小,新奥尔良鹈鹕,45,99,赢,-3.5,胜,芝加哥公牛,55,107

2017-01-15,213.5,小,圣安东尼奥马刺,58,105,赢,12.5,胜,菲尼克斯太阳,51,108

2017-01-15,207.5,小,费城76人,56,93,赢,-8.5,胜,华盛顿奇才,56,109

2017-01-15,195.5,大,奥兰多魔术,65,107,输,-10.5,胜,犹他爵士,64,114

2017-01-16,207.5,大,密尔沃基雄鹿,53,98,赢,-4.5,胜,亚特兰大老鹰,60,111

2017-01-16,219.5,小,纽约尼克斯,54,101,赢,-11.5,胜,多伦多猛龙,69,116

2017-01-16,196.5,小,明尼苏达森林狼,47,87,赢,-1.5,胜,达拉斯独行侠,56,98

2017-01-16,235.5,大,休斯顿火箭,74,137,输,15.5,负,布鲁克林篮网队,66,112

2016-12-13,216.5,大,波特兰开拓者,60,120,输,-9.5,胜,洛杉矶快船,56,121

2016-12-13,216.5,小,洛杉矶湖人,58,92,赢,-7.5,胜,萨克拉门托国王,49,116

2016-12-14,201.5,小,孟菲斯灰熊,43,86,赢,-13.5,胜,克里夫兰骑士,58,103

2016-12-14,203.5,大,奥兰多魔术,72,131,输,-7.5,负,亚特兰大老鹰,62,120

2016-12-14,208.5,小,明尼苏达森林狼,52,99,输,-6.5,负,芝加哥公牛,56,94

2016-12-14,225.5,小,金州勇士,58,113,赢,10.5,负,新奥尔良鹈鹕,65,109

2016-11-17,195.5,大,圣安东尼奥马刺,57,110,赢,5.5,负,萨克拉门托国王,46,105

2016-11-17,201.5,大,孟菲斯灰熊,61,111,输,-12.5,负,洛杉矶快船,46,107

2016-11-18,206.5,大,纽约尼克斯,42,112,赢,-3.5,胜,华盛顿奇才,52,119

2016-11-18,198.5,小,密尔沃基雄鹿,48,73,赢,-3.5,胜,迈阿密热火,48,96

2016-11-18,218.5,大,波特兰开拓者,62,109,赢,-3.5,胜,休斯顿火箭,62,126

2016-11-18,214.5,小,费城76人,33,86,赢,-10.5,胜,明尼苏达森林狼,61,110

2017-02-16,205.5,小,新奥尔良鹈鹕,50,95,输,-9.5,负,孟菲斯灰熊,43,91

2017-02-16,225.5,大,洛杉矶湖人,48,101,赢,-4.5,胜,菲尼克斯太阳,68,137

2017-02-16,225.5,小,明尼苏达森林狼,62,112,输,-4.5,负,丹佛掘金,60,99

2017-02-16,204.5,小,波特兰开拓者,37,88,赢,-7.5,胜,犹他爵士,40,111

2017-02-16,218.5,大,纽约尼克斯,60,105,赢,-7.5,胜,俄克拉荷马雷霆,62,116

2017-02-16,212.5,小,亚特兰大老鹰,40,84,赢,-5.5,胜,洛杉矶快船,54,99

2017-02-16,226.5,小,萨克拉门托国王,50,86,赢,-19.5,胜,金州勇士,47,109

2017-02-17,216.5,小,华盛顿奇才,62,111,输,1.5,负,印第安纳步行者,52,98

2017-03-15,213.5,小,波特兰开拓者,36,77,赢,-4.5,胜,新奥尔良鹈鹕,50,100

2017-03-15,220.5,小,费城76人,59,104,输,-17.5,胜,金州勇士,58,106

2017-03-16,203.5,小,夏洛特黄蜂,42,77,赢,-2.5,胜,印第安纳步行者,42,98

2017-03-16,206.5,大,达拉斯独行侠,53,112,输,-6.5,负,华盛顿奇才,57,107

2017-03-16,206.5,大,新奥尔良鹈鹕,52,112,赢,-5.5,胜,迈阿密热火,54,120

2017-03-16,200.5,小,犹他爵士,54,97,输,3.5,负,底特律活塞,35,83

2017-03-16,209.5,大,明尼苏达森林狼,60,104,赢,-5.5,胜,波士顿凯尔特人,58,117

2017-03-16,209.5,大,波特兰开拓者,54,110,输,-10.5,负,圣安东尼奥马刺,55,106

2017-03-16,234.5,大,洛杉矶湖人,52,100,赢,-16.5,胜,休斯顿火箭,66,139

2017-03-16,202.5,小,孟菲斯灰熊,54,98,输,1.5,负,芝加哥公牛,50,91

2017-03-16,220.5,小,萨克拉门托国王,48,107,输,-5.5,负,菲尼克斯太阳,47,101

2017-03-16,206.5,小,密尔沃基雄鹿,46,97,输,-7.5,负,洛杉矶快船,46,96

2017-03-17,210.5,大,俄克拉荷马雷霆,58,123,输,-3.5,负,多伦多猛龙,48,102

2017-01-16,213.5,大,俄克拉荷马雷霆,59,122,输,1.5,负,萨克拉门托国王,46,118

2017-01-16,193.5,大,芝加哥公牛,52,108,输,-7.5,负,孟菲斯灰熊,46,104

2017-01-16,213.5,小,底特律活塞,59,102,输,1.5,负,洛杉矶湖人,57,97

2017-01-17,211.5,大,亚特兰大老鹰,53,108,赢,3.5,负,纽约尼克斯,54,107

2017-01-17,220.5,大,波特兰开拓者,50,101,赢,-4.5,胜,华盛顿奇才,75,120

2017-01-17,206.5,大,费城76人,46,113,输,-9.5,负,密尔沃基雄鹿,54,104

2017-01-17,213.5,小,新奥尔良鹈鹕,52,95,输,-4.5,胜,印第安纳步行者,54,98

2017-01-17,225.5,大,奥兰多魔术,61,112,赢,-5.5,胜,丹佛掘金,69,125

2016-12-14,220.5,大,纽约尼克斯,46,111,赢,2.5,胜,菲尼克斯太阳,54,113

2016-12-14,218.5,小,俄克拉荷马雷霆,52,95,赢,-1.5,胜,波特兰开拓者,68,114

2016-12-15,207.5,大,洛杉矶快船,60,113,赢,9.5,负,奥兰多魔术,51,108

2016-12-15,212.5,大,夏洛特黄蜂,54,106,赢,0.0,胜,华盛顿奇才,49,109

2016-12-15,205.5,小,印第安纳步行者,52,89,赢,0.0,胜,迈阿密热火,53,95

2016-12-15,206.5,大,多伦多猛龙,60,123,输,8.5,负,费城76人,54,114

2016-12-15,227.5,小,洛杉矶湖人,43,97,赢,1.5,胜,布鲁克林篮网队,52,107

2016-12-15,190.5,小,克里夫兰骑士,36,85,赢,-6.5,胜,孟菲斯灰熊,47,93

2016-12-15,216.5,大,萨克拉门托国王,43,98,赢,-12.5,胜,休斯顿火箭,64,132

2016-11-18,194.5,小,芝加哥公牛,41,85,输,-3.5,负,犹他爵士,43,77

2016-11-19,206.5,小,亚特兰大老鹰,45,96,赢,-2.5,胜,夏洛特黄蜂,48,100

2016-11-19,219.5,小,菲尼克斯太阳,57,116,输,-4.5,负,印第安纳步行者,49,96

2016-11-19,205.5,小,底特律活塞,39,81,赢,-8.5,胜,克里夫兰骑士,56,104

2016-11-19,219.5,大,布鲁克林篮网队,61,105,赢,-9.5,胜,俄克拉荷马雷霆,64,124

2016-11-19,226.5,小,金州勇士,55,104,输,7.5,负,波士顿凯尔特人,48,88

2016-11-19,214.5,小,波特兰开拓者,51,101,赢,1.5,胜,新奥尔良鹈鹕,64,113

2016-11-19,187.5,小,孟菲斯灰熊,36,80,输,2.5,负,达拉斯独行侠,29,64

2016-11-19,216.5,大,多伦多猛龙,52,113,赢,3.5,负,丹佛掘金,57,111

2016-11-19,205.5,大,洛杉矶快船,73,121,赢,7.5,负,萨克拉门托国王,54,115

2016-11-19,208.5,大,圣安东尼奥马刺,52,116,输,7.5,负,洛杉矶湖人,52,107

2016-11-20,201.5,大,犹他爵士,44,102,赢,-6.5,胜,休斯顿火箭,55,111

2017-02-17,211.5,小,波士顿凯尔特人,58,103,输,-1.5,胜,芝加哥公牛,52,104

2017-02-24,219.5,小,波特兰开拓者,46,112,输,3.5,负,奥兰多魔术,55,103

2017-02-24,206.5,大,夏洛特黄蜂,62,108,赢,-3.5,胜,底特律活塞,50,114

2017-02-24,223.5,小,纽约尼克斯,51,104,赢,-9.5,胜,克里夫兰骑士,69,119

2017-02-24,228.5,小,休斯顿火箭,66,129,输,3.5,负,新奥尔良鹈鹕,50,99

2017-02-24,219.5,小,丹佛掘金,44,100,赢,7.5,胜,萨克拉门托国王,61,116

2017-02-24,230.5,大,洛杉矶快船,61,113,输,-14.5,胜,金州勇士,49,123

2017-02-25,217.5,大,华盛顿奇才,49,112,赢,7.5,胜,费城76人,61,120

2017-02-25,204.5,小,孟菲斯灰熊,49,92,赢,1.5,胜,印第安纳步行者,61,102

2017-02-25,213.5,小,波士顿凯尔特人,55,97,赢,-3.5,胜,多伦多猛龙,45,107

2017-02-25,221.5,小,洛杉矶湖人,51,93,赢,-11.5,胜,俄克拉荷马雷霆,58,110

2017-02-25,207.5,小,迈阿密热火,63,108,输,-2.5,负,亚特兰大老鹰,49,90

2017-03-17,207.5,小,犹他爵士,42,83,赢,-7.5,胜,克里夫兰骑士,44,91

2017-03-17,221.5,大,布鲁克林篮网队,54,121,输,-3.5,负,纽约尼克斯,61,110

2017-03-17,202.5,小,孟菲斯灰熊,55,103,输,-2.5,负,亚特兰大老鹰,52,91

2017-03-17,219.5,大,洛杉矶快船,46,114,赢,-4.5,胜,丹佛掘金,59,129

2017-03-17,221.5,小,奥兰多魔术,50,92,赢,-15.5,胜,金州勇士,67,122

2017-03-18,212.5,大,芝加哥公牛,40,107,输,-9.5,胜,华盛顿奇才,59,112

2017-03-18,203.5,小,达拉斯独行侠,40,74,赢,4.5,胜,费城76人,51,116

2017-03-18,215.5,小,波士顿凯尔特人,45,98,赢,8.5,负,布鲁克林篮网队,37,95

2017-03-18,202.5,小,多伦多猛龙,40,87,输,-4.5,负,底特律活塞,38,75

2017-03-18,203.5,大,明尼苏达森林狼,49,105,赢,-3.5,胜,迈阿密热火,64,123

2017-01-17,216.5,小,夏洛特黄蜂,53,98,赢,-4.5,胜,波士顿凯尔特人,59,108

2017-01-17,228.5,小,克里夫兰骑士,49,91,赢,-7.5,胜,金州勇士,78,126

2017-01-17,204.5,大,犹他爵士,47,106,输,4.5,负,菲尼克斯太阳,53,101

2017-01-17,217.5,大,俄克拉荷马雷霆,47,98,赢,-9.5,胜,洛杉矶快船,64,120

2017-01-18,225.5,大,多伦多猛龙,58,119,赢,10.5,负,布鲁克林篮网队,61,109

2017-01-18,220.5,小,休斯顿火箭,53,103,赢,6.5,胜,迈阿密热火,53,109

2017-01-18,198.5,小,达拉斯独行侠,54,99,输,-4.5,负,芝加哥公牛,47,98

2017-01-18,202.5,大,明尼苏达森林狼,71,114,输,-10.5,胜,圣安东尼奥马刺,67,122

2017-01-18,230.5,大,丹佛掘金,66,127,输,2.5,负,洛杉矶湖人,54,121

2017-01-19,215.5,小,波特兰开拓者,46,85,赢,-4.5,胜,夏洛特黄蜂,54,107

2017-01-19,213.5,小,多伦多猛龙,44,89,赢,4.5,胜,费城76人,46,94

2017-01-19,206.5,小,孟菲斯灰熊,51,101,赢,-2.5,胜,华盛顿奇才,66,104

2016-12-15,189.5,小,底特律活塞,43,95,输,4.5,负,达拉斯独行侠,43,85

2016-12-15,198.5,小,俄克拉荷马雷霆,41,89,赢,-7.5,胜,犹他爵士,55,109

2016-12-15,198.5,大,波士顿凯尔特人,47,101,赢,-6.5,胜,圣安东尼奥马刺,56,108

2016-12-16,207.5,小,芝加哥公牛,45,97,赢,0.0,胜,密尔沃基雄鹿,64,108

2016-12-16,209.5,小,印第安纳步行者,50,95,赢,-3.5,胜,新奥尔良鹈鹕,46,102

2016-12-16,220.5,大,波特兰开拓者,56,120,赢,-2.5,胜,丹佛掘金,74,132

2016-12-16,210.5,小,圣安东尼奥马刺,51,107,输,7.5,负,菲尼克斯太阳,43,92

2016-12-16,223.5,小,纽约尼克斯,45,90,输,-16.5,胜,金州勇士,59,103

2016-12-17,203.5,大,底特律活塞,54,108,赢,1.5,胜,华盛顿奇才,65,122

2016-12-17,217.5,大,布鲁克林篮网队,52,111,赢,-6.5,胜,奥兰多魔术,53,118

2016-11-20,199.5,大,迈阿密热火,60,114,输,-4.5,负,华盛顿奇才,59,111

2016-11-20,207.5,大,夏洛特黄蜂,46,116,赢,3.5,胜,新奥尔良鹈鹕,47,121

2016-11-20,198.5,小,波士顿凯尔特人,50,94,输,-1.5,负,底特律活塞,47,92

2016-11-20,180.5,大,达拉斯独行侠,45,87,赢,-7.5,胜,奥兰多魔术,44,95

2016-11-20,212.5,大,菲尼克斯太阳,48,105,赢,1.5,胜,费城76人,58,120

2016-11-20,200.5,小,明尼苏达森林狼,39,71,赢,1.5,胜,孟菲斯灰熊,43,93

2016-11-20,218.5,大,金州勇士,69,124,赢,8.5,负,密尔沃基雄鹿,66,121

2016-11-20,204.5,小,芝加哥公牛,52,95,赢,-6.5,胜,洛杉矶快船,47,102

2016-11-21,211.5,小,亚特兰大老鹰,41,94,赢,3.5,胜,纽约尼克斯,46,104

2016-11-21,222.5,大,波特兰开拓者,70,129,输,4.5,负,布鲁克林篮网队,64,109

2016-11-21,208.5,大,印第安纳步行者,58,115,输,-9.5,负,俄克拉荷马雷霆,54,111

2016-11-21,196.5,小,犹他爵士,41,91,赢,-3.5,胜,丹佛掘金,53,105

2016-11-21,209.5,小,多伦多猛龙,63,99,赢,3.5,胜,萨克拉门托国王,58,102

2017-02-25,220.5,大,菲尼克斯太阳,54,121,赢,-6.5,胜,芝加哥公牛,52,128

2017-02-25,200.5,大,犹他爵士,59,109,输,2.5,负,密尔沃基雄鹿,46,95

2017-02-25,203.5,小,达拉斯独行侠,40,84,赢,-2.5,胜,明尼苏达森林狼,49,97

2017-02-25,234.5,大,布鲁克林篮网队,53,109,赢,-10.5,胜,丹佛掘金,64,129

2017-02-25,210.5,小,圣安东尼奥马刺,47,105,输,1.5,负,洛杉矶快船,42,97

2017-02-26,205.5,小,夏洛特黄蜂,51,99,输,4.5,负,萨克拉门托国王,40,85

2017-02-26,211.5,小,亚特兰大老鹰,46,86,赢,3.5,胜,奥兰多魔术,49,105

2017-02-26,219.5,小,费城76人,50,109,输,-4.5,胜,纽约尼克斯,60,110

2017-02-26,208.5,小,印第安纳步行者,54,95,赢,-5.5,胜,迈阿密热火,53,113

2017-02-26,212.5,大,芝加哥公牛,55,117,输,-7.5,负,克里夫兰骑士,56,99

2017-03-18,227.5,大,休斯顿火箭,50,112,赢,6.5,胜,新奥尔良鹈鹕,68,128

2017-03-18,219.5,小,奥兰多魔术,60,109,输,-3.5,负,菲尼克斯太阳,58,103

2017-03-18,213.5,小,密尔沃基雄鹿,61,107,赢,9.5,负,洛杉矶湖人,46,103

2017-03-19,212.5,小,萨克拉门托国王,41,94,赢,-13.5,胜,俄克拉荷马雷霆,63,110

2017-03-19,216.5,小,波特兰开拓者,63,113,输,-2.5,负,亚特兰大老鹰,46,97

2017-03-19,213.5,小,华盛顿奇才,40,93,赢,-2.5,胜,夏洛特黄蜂,39,98

2017-03-19,212.5,小,克里夫兰骑士,31,78,赢,-13.5,胜,洛杉矶快船,47,108

2017-03-19,193.5,小,犹他爵士,44,86,赢,6.5,胜,芝加哥公牛,40,95

2017-03-19,198.5,大,圣安东尼奥马刺,43,96,赢,3.5,胜,孟菲斯灰熊,44,104

2017-03-19,239.5,小,休斯顿火箭,51,109,输,3.5,负,丹佛掘金,56,105

2017-03-19,215.5,小,密尔沃基雄鹿,44,92,赢,-11.5,胜,金州勇士,63,117

2017-03-19,208.5,大,达拉斯独行侠,57,111,输,4.5,负,布鲁克林篮网队,43,104

2017-01-19,218.5,大,纽约尼克斯,63,117,输,-8.5,负,波士顿凯尔特人,54,106

2017-01-19,200.5,大,亚特兰大老鹰,45,95,赢,1.5,胜,底特律活塞,69,118

2017-01-19,210.5,大,奥兰多魔术,52,98,赢,-3.5,胜,新奥尔良鹈鹕,65,118

2017-01-19,226.5,小,密尔沃基雄鹿,39,92,赢,-7.5,胜,休斯顿火箭,52,111

2017-01-19,214.5,小,印第安纳步行者,41,106,输,-1.5,负,萨克拉门托国王,60,100

2017-01-19,231.5,小,俄克拉荷马雷霆,56,100,赢,-12.5,胜,金州勇士,56,121

2017-01-20,219.5,大,菲尼克斯太阳,41,103,赢,-11.5,胜,克里夫兰骑士,59,118

2017-01-20,197.5,小,达拉斯独行侠,53,95,赢,-1.5,胜,迈阿密热火,44,99

2017-01-20,217.5,大,华盛顿奇才,66,113,输,1.5,负,纽约尼克斯,67,110

2017-01-20,218.5,大,丹佛掘金,58,104,赢,-11.5,胜,圣安东尼奥马刺,59,118

2017-01-20,207.5,小,明尼苏达森林狼,44,104,输,2.5,负,洛杉矶快船,51,101

2017-01-21,209.5,小,密尔沃基雄鹿,55,96,赢,2.5,胜,奥兰多魔术,59,112

2016-12-17,206.5,小,夏洛特黄蜂,50,88,赢,-6.5,胜,波士顿凯尔特人,41,96

2016-12-17,214.5,大,亚特兰大老鹰,69,125,输,-7.5,负,多伦多猛龙,52,121

2016-12-17,208.5,小,洛杉矶湖人,53,100,输,-1.5,负,费城76人,40,89

2016-12-17,194.5,小,萨克拉门托国王,52,96,输,-4.5,负,孟菲斯灰熊,42,92

2016-12-17,207.5,小,洛杉矶快船,60,102,赢,6.5,负,迈阿密热火,46,98

2016-12-17,203.5,小,密尔沃基雄鹿,56,95,输,-4.5,负,芝加哥公牛,37,69

2016-12-17,218.5,大,新奥尔良鹈鹕,50,100,赢,-11.5,胜,休斯顿火箭,72,122

2016-12-17,186.5,大,达拉斯独行侠,58,100,输,-10.5,胜,犹他爵士,64,103

2016-12-18,214.5,大,菲尼克斯太阳,39,101,赢,-7.5,胜,俄克拉荷马雷霆,54,114

2016-12-18,199.5,小,印第安纳步行者,55,105,输,-4.5,负,底特律活塞,44,90

2016-12-18,218.5,大,洛杉矶湖人,59,108,输,-15.5,胜,克里夫兰骑士,62,119

2016-12-18,206.5,小,夏洛特黄蜂,53,107,输,-2.5,负,亚特兰大老鹰,42,99

2016-11-21,211.5,大,芝加哥公牛,62,118,输,0.0,负,洛杉矶湖人,61,110

2016-11-22,197.5,小,迈阿密热火,45,94,赢,4.5,胜,费城76人,46,101

2016-11-22,218.5,小,金州勇士,61,120,输,13.5,负,印第安纳步行者,42,83

2016-11-22,218.5,小,菲尼克斯太阳,46,101,输,-8.5,胜,华盛顿奇才,50,106

2016-11-22,194.5,大,孟菲斯灰熊,69,105,输,-5.5,负,夏洛特黄蜂,45,90

2016-11-22,203.5,小,休斯顿火箭,51,99,输,1.5,负,底特律活塞,46,96

2016-11-22,202.5,小,奥兰多魔术,44,89,输,-5.5,胜,密尔沃基雄鹿,49,93

2016-11-22,207.5,小,波士顿凯尔特人,42,99,输,1.5,负,明尼苏达森林狼,52,93

2016-11-22,182.5,大,达拉斯独行侠,49,91,输,-15.5,胜,圣安东尼奥马刺,48,96

2016-11-22,209.5,大,多伦多猛龙,45,115,输,-8.5,胜,洛杉矶快船,54,123

2016-11-23,217.5,小,波特兰开拓者,58,103,赢,-1.5,胜,纽约尼克斯,60,107

2017-02-26,204.5,小,新奥尔良鹈鹕,49,83,赢,1.5,胜,达拉斯独行侠,47,96

2017-02-26,227.5,大,明尼苏达森林狼,58,130,输,-12.5,胜,休斯顿火箭,66,142

2017-02-26,233.5,小,布鲁克林篮网队,51,95,输,-20.5,胜,金州勇士,62,112

2017-02-27,224.5,小,菲尼克斯太阳,47,96,输,-6.5,胜,密尔沃基雄鹿,42,100

2017-02-27,210.5,大,圣安东尼奥马刺,61,119,输,12.5,负,洛杉矶湖人,41,98

2017-02-27,212.5,小,孟菲斯灰熊,50,105,输,-3.5,负,丹佛掘金,47,98

2017-02-27,203.5,小,犹他爵士,49,102,输,-3.5,负,华盛顿奇才,39,92

2017-02-27,209.5,大,波特兰开拓者,52,106,赢,-4.5,胜,多伦多猛龙,53,112

2017-02-27,214.5,小,波士顿凯尔特人,54,104,输,0.0,负,底特律活塞,50,98

2017-02-27,216.5,大,新奥尔良鹈鹕,59,110,赢,-5.5,胜,俄克拉荷马雷霆,59,118

2017-02-27,212.5,大,夏洛特黄蜂,51,121,输,-10.5,胜,洛杉矶快船,59,124

2017-02-28,212.5,小,多伦多猛龙,40,92,赢,2.5,负,纽约尼克斯,53,91

2017-03-20,202.5,大,波士顿凯尔特人,51,99,赢,6.5,胜,费城76人,46,105

2017-03-20,210.5,小,菲尼克斯太阳,49,95,赢,-13.5,胜,底特律活塞,47,112

2017-03-20,214.5,大,波特兰开拓者,52,115,输,-6.5,负,迈阿密热火,51,104

2017-03-20,198.5,大,印第安纳步行者,45,91,赢,-3.5,胜,多伦多猛龙,62,116

2017-03-20,206.5,大,明尼苏达森林狼,54,109,赢,-4.5,胜,新奥尔良鹈鹕,48,123

2017-03-20,202.5,大,萨克拉门托国王,49,102,赢,-12.5,胜,圣安东尼奥马刺,58,118

2017-03-20,223.5,大,克里夫兰骑士,55,125,赢,12.5,负,洛杉矶湖人,59,120

2017-03-21,205.5,小,亚特兰大老鹰,42,90,赢,-5.5,胜,夏洛特黄蜂,51,105

2017-03-21,215.5,大,费城76人,56,109,输,-4.5,胜,奥兰多魔术,41,112

2017-03-21,192.5,大,犹他爵士,46,100,赢,1.5,胜,印第安纳步行者,51,107

2017-03-21,216.5,小,华盛顿奇才,47,102,赢,-2.5,胜,波士顿凯尔特人,58,110

2017-03-21,236.5,大,丹佛掘金,65,124,输,-9.5,胜,休斯顿火箭,62,125

2017-03-21,221.5,小,金州勇士,59,111,输,0.0,负,俄克拉荷马雷霆,39,95

2017-01-21,209.5,小,波特兰开拓者,56,92,赢,0.0,胜,费城76人,43,93

2017-01-21,215.5,小,多伦多猛龙,48,78,赢,-1.5,胜,夏洛特黄蜂,55,113

2017-01-21,219.5,大,布鲁克林篮网队,66,143,输,-9.5,负,新奥尔良鹈鹕,54,114

2017-01-21,203.5,小,芝加哥公牛,36,93,赢,-4.5,胜,亚特兰大老鹰,65,102

2017-01-21,200.5,小,萨克拉门托国王,42,91,赢,-7.5,胜,孟菲斯灰熊,49,107

2017-01-21,239.5,小,金州勇士,62,125,输,4.5,负,休斯顿火箭,57,108

2017-01-21,187.5,大,犹他爵士,46,112,赢,6.5,负,达拉斯独行侠,41,107

2017-01-21,220.5,小,印第安纳步行者,53,96,赢,4.5,胜,洛杉矶湖人,51,108

2017-01-22,218.5,大,波特兰开拓者,56,127,输,-8.5,负,波士顿凯尔特人,65,123

2017-01-22,210.5,大,华盛顿奇才,55,112,输,-3.5,胜,底特律活塞,61,113

2017-01-22,200.5,大,费城76人,54,93,赢,-12.5,胜,亚特兰大老鹰,62,110

2017-01-22,220.5,小,布鲁克林篮网队,46,105,输,-13.5,胜,夏洛特黄蜂,60,112

2017-01-22,205.5,大,密尔沃基雄鹿,43,97,赢,0.0,胜,迈阿密热火,53,109

2017-01-22,222.5,小,菲尼克斯太阳,61,107,输,-5.5,负,纽约尼克斯,55,105

2016-12-18,219.5,大,休斯顿火箭,44,111,赢,3.5,负,明尼苏达森林狼,57,109

2016-12-18,216.5,大,纽约尼克斯,54,114,赢,-3.5,胜,丹佛掘金,62,127

2016-12-18,230.5,小,波特兰开拓者,45,90,赢,-13.5,胜,金州勇士,70,135

2016-12-19,216.5,大,洛杉矶快船,55,110,赢,4.5,胜,华盛顿奇才,52,117

2016-12-19,185.5,小,犹他爵士,34,82,输,1.5,负,孟菲斯灰熊,35,73

2016-12-19,214.5,小,多伦多猛龙,55,109,输,5.5,负,奥兰多魔术,51,79

2016-12-19,216.5,小,布鲁克林篮网队,57,107,输,-2.5,胜,费城76人,54,108

2016-12-19,201.5,小,波士顿凯尔特人,58,105,输,4.5,负,迈阿密热火,41,95

2016-12-19,192.5,小,萨克拉门托国王,44,79,赢,-1.5,胜,达拉斯独行侠,55,99

2016-12-19,205.5,大,新奥尔良鹈鹕,49,100,赢,-12.5,胜,圣安东尼奥马刺,61,113

2016-12-20,212.5,小,华盛顿奇才,57,105,输,-5.5,胜,印第安纳步行者,57,107

2016-11-23,209.5,小,新奥尔良鹈鹕,66,112,输,-8.5,负,亚特兰大老鹰,44,94

2016-11-23,207.5,大,芝加哥公牛,60,107,赢,2.5,胜,丹佛掘金,60,110

2016-11-23,221.5,小,俄克拉荷马雷霆,48,109,赢,2.5,胜,洛杉矶湖人,49,111

2016-11-24,217.5,大,波特兰开拓者,60,125,赢,-11.5,胜,克里夫兰骑士,81,137

2016-11-24,207.5,小,菲尼克斯太阳,46,92,输,-4.5,负,奥兰多魔术,44,87

2016-11-24,208.5,小,亚特兰大老鹰,49,96,输,1.5,负,印第安纳步行者,44,85

2016-11-24,195.5,大,孟菲斯灰熊,43,104,赢,5.5,负,费城76人,51,99

2016-11-24,199.5,大,圣安东尼奥马刺,59,119,输,4.5,负,夏洛特黄蜂,60,114

2016-11-24,214.5,小,波士顿凯尔特人,51,111,输,7.5,负,布鲁克林篮网队,49,92

2016-11-24,189.5,大,迈阿密热火,42,84,赢,-4.5,胜,底特律活塞,56,107

2016-11-24,217.5,小,多伦多猛龙,54,115,输,-3.5,负,休斯顿火箭,39,102

2017-02-28,230.5,小,金州勇士,59,119,赢,12.5,负,费城76人,56,108

2017-02-28,218.5,小,密尔沃基雄鹿,50,95,输,-9.5,胜,克里夫兰骑士,52,102

2017-02-28,211.5,大,亚特兰大老鹰,51,114,输,-3.5,负,波士顿凯尔特人,47,98

2017-02-28,200.5,小,迈阿密热火,54,89,赢,1.5,胜,达拉斯独行侠,55,96

2017-02-28,231.5,小,印第安纳步行者,59,117,输,-9.5,负,休斯顿火箭,58,108

2017-02-28,211.5,小,明尼苏达森林狼,60,102,输,5.5,负,萨克拉门托国王,44,88

2017-03-21,217.5,大,纽约尼克斯,53,105,输,-11.5,胜,洛杉矶快船,63,114

2017-03-22,197.5,大,芝加哥公牛,59,120,输,-6.5,胜,多伦多猛龙,54,122

2017-03-22,212.5,小,底特律活塞,44,96,赢,4.5,胜,布鲁克林篮网队,50,98

2017-03-22,217.5,小,菲尼克斯太阳,46,97,赢,-12.5,胜,迈阿密热火,59,112

2017-01-22,213.5,大,休斯顿火箭,58,119,输,0.0,负,孟菲斯灰熊,49,95

2017-01-22,212.5,大,圣安东尼奥马刺,57,118,输,-1.5,负,克里夫兰骑士,58,115

2017-01-22,204.5,小,萨克拉门托国王,52,99,输,-5.5,胜,芝加哥公牛,55,102

2017-01-22,220.5,大,洛杉矶快船,45,98,赢,-3.5,胜,丹佛掘金,59,123

2017-01-22,200.5,大,印第安纳步行者,50,100,赢,-6.5,胜,犹他爵士,60,109

2017-01-23,225.5,小,金州勇士,50,118,输,14.5,负,奥兰多魔术,50,98

2017-01-23,206.5,小,洛杉矶湖人,33,73,赢,-6.5,胜,达拉斯独行侠,67,122

2017-01-23,220.5,小,菲尼克斯太阳,57,115,输,-10.5,负,多伦多猛龙,60,103

2017-01-23,222.5,小,丹佛掘金,58,108,输,-4.5,胜,明尼苏达森林狼,62,111

2017-01-24,213.5,小,华盛顿奇才,60,109,输,-4.5,负,夏洛特黄蜂,48,99

2017-01-24,204.5,大,萨克拉门托国王,65,109,输,-5.5,负,底特律活塞,62,104

2017-01-24,216.5,小,金州勇士,48,102,赢,12.5,胜,迈阿密热火,46,105

2017-01-24,206.5,大,洛杉矶快船,58,115,输,-6.5,负,亚特兰大老鹰,40,105

2016-12-20,213.5,大,菲尼克斯太阳,54,108,赢,-5.5,胜,明尼苏达森林狼,62,115

2016-12-20,209.5,大,亚特兰大老鹰,48,110,输,-2.5,负,俄克拉荷马雷霆,53,108

2016-12-20,195.5,小,底特律活塞,34,82,赢,-2.5,胜,芝加哥公牛,69,113

2016-12-20,204.5,大,达拉斯独行侠,58,107,赢,-8.5,胜,丹佛掘金,60,117

2016-12-21,207.5,小,新奥尔良鹈鹕,57,108,输,3.5,负,费城76人,44,93

2016-12-21,212.5,大,洛杉矶湖人,73,113,输,-8.5,胜,夏洛特黄蜂,59,117

2016-12-21,223.5,小,布鲁克林篮网队,46,104,输,-15.5,胜,多伦多猛龙,64,116

2016-12-21,212.5,大,印第安纳步行者,59,111,赢,-5.5,胜,纽约尼克斯,54,118

2016-12-21,197.5,大,奥兰多魔术,57,136,输,-2.5,负,迈阿密热火,64,130

2016-12-21,214.5,小,圣安东尼奥马刺,52,102,输,0.0,负,休斯顿火箭,45,100

2016-11-24,192.5,大,洛杉矶快船,68,124,输,9.5,负,达拉斯独行侠,45,104

2016-11-24,196.5,小,丹佛掘金,47,83,赢,-6.5,胜,犹他爵士,53,108

2016-11-24,207.5,大,明尼苏达森林狼,50,96,赢,2.5,胜,新奥尔良鹈鹕,53,117

2016-11-24,212.5,大,俄克拉荷马雷霆,48,101,赢,-2.5,胜,萨克拉门托国王,51,116

2016-11-24,228.5,大,洛杉矶湖人,49,106,赢,-17.5,胜,金州勇士,80,149

2016-11-26,202.5,大,圣安东尼奥马刺,46,109,输,2.5,负,波士顿凯尔特人,48,103

2016-11-26,199.5,小,华盛顿奇才,48,94,输,1.5,负,奥兰多魔术,38,91

2016-11-26,201.5,大,洛杉矶快船,48,97,赢,6.5,胜,底特律活塞,57,108

2016-11-26,203.5,小,芝加哥公牛,57,105,输,7.5,负,费城76人,47,89

2016-11-26,209.5,大,夏洛特黄蜂,56,111,赢,1.5,胜,纽约尼克斯,52,113

2017-03-22,206.5,小,孟菲斯灰熊,41,82,赢,-2.5,胜,新奥尔良鹈鹕,34,95

2017-03-22,208.5,小,金州勇士,62,112,输,3.5,负,达拉斯独行侠,50,87

2017-03-22,205.5,小,圣安东尼奥马刺,42,100,输,4.5,负,明尼苏达森林狼,51,93

2017-03-22,208.5,小,密尔沃基雄鹿,48,93,输,-5.5,负,波特兰开拓者,35,90

2017-03-22,222.5,大,洛杉矶快船,70,133,输,8.5,负,洛杉矶湖人,40,109

2017-03-23,206.5,大,夏洛特黄蜂,48,109,输,5.5,负,奥兰多魔术,54,102

2017-03-23,208.5,大,印第安纳步行者,42,100,赢,-7.5,胜,波士顿凯尔特人,49,109

2017-03-23,218.5,大,费城76人,50,97,赢,-10.5,胜,俄克拉荷马雷霆,63,122

2017-03-23,200.5,大,底特律活塞,53,95,赢,1.5,胜,芝加哥公牛,59,117

2017-03-23,214.5,小,亚特兰大老鹰,46,100,输,-6.5,胜,华盛顿奇才,40,104

2017-01-24,214.5,小,圣安东尼奥马刺,52,112,输,9.5,负,布鲁克林篮网队,42,86

2017-01-24,224.5,大,休斯顿火箭,64,114,赢,6.5,胜,密尔沃基雄鹿,68,127

2017-01-24,216.5,大,克里夫兰骑士,50,122,赢,10.5,胜,新奥尔良鹈鹕,70,124

2017-01-24,218.5,小,纽约尼克斯,62,109,输,-6.5,负,印第安纳步行者,58,103

2017-01-24,203.5,小,俄克拉荷马雷霆,56,97,输,-5.5,负,犹他爵士,53,95

2017-01-25,203.5,大,洛杉矶快船,68,110,赢,5.5,胜,费城76人,59,121

2017-01-25,204.5,小,芝加哥公牛,52,100,输,4.5,负,奥兰多魔术,49,92

2017-01-25,217.5,大,波士顿凯尔特人,59,108,赢,-2.5,胜,华盛顿奇才,66,123

2017-01-25,203.5,大,圣安东尼奥马刺,61,108,输,-3.5,负,多伦多猛龙,54,106

2017-01-25,213.5,小,犹他爵士,39,93,赢,-4.5,胜,丹佛掘金,51,103

2017-01-25,214.5,大,明尼苏达森林狼,59,112,输,0.0,负,菲尼克斯太阳,56,111

2017-01-26,213.5,大,萨克拉门托国王,53,116,输,-12.5,负,克里夫兰骑士,47,112

2016-12-21,193.5,大,波士顿凯尔特人,31,112,输,2.5,负,孟菲斯灰熊,45,109

2016-12-21,211.5,大,克里夫兰骑士,57,114,输,3.5,负,密尔沃基雄鹿,53,108

2016-12-21,209.5,小,犹他爵士,33,74,赢,-11.5,胜,金州勇士,55,104

2016-12-21,217.5,大,丹佛掘金,53,102,赢,-8.5,胜,洛杉矶快船,68,119

2016-12-21,215.5,大,波特兰开拓者,72,121,赢,0.0,胜,萨克拉门托国王,60,126

2016-12-22,208.5,大,密尔沃基雄鹿,54,102,赢,-5.5,胜,克里夫兰骑士,59,113

2016-11-26,202.5,大,达拉斯独行侠,38,90,赢,-14.5,胜,克里夫兰骑士,72,128

2016-11-26,215.5,小,布鲁克林篮网队,43,97,赢,-7.5,胜,印第安纳步行者,58,118

2016-11-26,194.5,小,亚特兰大老鹰,34,68,赢,-2.5,胜,犹他爵士,48,95

2016-11-26,211.5,小,多伦多猛龙,47,105,输,3.5,负,密尔沃基雄鹿,42,99

2016-11-26,187.5,小,迈阿密热火,45,90,输,-5.5,负,孟菲斯灰熊,39,81

2016-11-26,213.5,大,俄克拉荷马雷霆,62,132,输,1.5,负,丹佛掘金,63,129

2016-11-26,213.5,小,明尼苏达森林狼,47,98,输,1.5,负,菲尼克斯太阳,52,85

2017-03-23,226.5,大,克里夫兰骑士,59,113,赢,3.5,胜,丹佛掘金,73,126

2017-03-23,203.5,大,纽约尼克斯,55,101,输,-10.5,胜,犹他爵士,51,108

2017-03-23,202.5,大,密尔沃基雄鹿,69,116,输,4.5,负,萨克拉门托国王,50,98

2017-03-24,223.5,大,菲尼克斯太阳,50,98,赢,-3.5,胜,布鲁克林篮网队,52,126

2017-03-24,199.5,小,多伦多猛龙,45,101,输,-3.5,负,迈阿密热火,47,84

2017-03-24,204.5,小,洛杉矶快船,54,95,赢,4.5,胜,达拉斯独行侠,48,97

2017-03-24,196.5,小,孟菲斯灰熊,42,90,输,-7.5,胜,圣安东尼奥马刺,51,97

2017-03-24,208.5,小,纽约尼克斯,46,95,赢,-14.5,胜,波特兰开拓者,67,110

2017-03-25,208.5,小,底特律活塞,39,87,赢,2.5,胜,奥兰多魔术,57,115

2017-03-25,210.5,大,克里夫兰骑士,59,112,输,2.5,负,夏洛特黄蜂,53,105

2017-03-25,222.5,大,布鲁克林篮网队,42,108,赢,-11.5,胜,华盛顿奇才,63,129

2017-03-25,218.5,大,丹佛掘金,64,125,输,-1.5,负,印第安纳步行者,53,117

2017-01-26,228.5,大,休斯顿火箭,58,109,赢,3.5,胜,波士顿凯尔特人,52,120

2017-01-26,215.5,小,迈阿密热火,55,109,赢,4.5,负,布鲁克林篮网队,66,106

2017-01-26,223.5,小,金州勇士,53,113,赢,10.5,负,夏洛特黄蜂,47,103

2017-01-26,215.5,大,俄克拉荷马雷霆,64,114,输,3.5,负,新奥尔良鹈鹕,45,105

2017-01-26,202.5,大,亚特兰大老鹰,51,119,输,2.5,负,芝加哥公牛,59,114

2017-01-26,208.5,大,费城76人,72,114,输,-10.5,负,密尔沃基雄鹿,58,109

2017-01-26,201.5,小,多伦多猛龙,57,99,输,-5.5,胜,孟菲斯灰熊,56,101

2017-01-26,200.5,小,纽约尼克斯,51,95,赢,-4.5,胜,达拉斯独行侠,52,103

2017-01-26,219.5,小,洛杉矶湖人,58,98,输,-9.5,胜,波特兰开拓者,59,105

2017-01-27,213.5,小,印第安纳步行者,52,109,输,-4.5,负,明尼苏达森林狼,46,103

2016-12-22,212.5,小,明尼苏达森林狼,49,92,输,-3.5,负,亚特兰大老鹰,44,84

2016-12-22,185.5,小,孟菲斯灰熊,53,98,输,-6.5,负,底特律活塞,44,86

2016-12-22,207.5,小,华盛顿奇才,55,107,输,-4.5,负,芝加哥公牛,56,97

2016-12-22,209.5,大,俄克拉荷马雷霆,63,121,输,1.5,负,新奥尔良鹈鹕,58,110

2016-12-22,193.5,小,萨克拉门托国王,38,94,输,-6.5,负,犹他爵士,48,93

2016-12-22,226.5,大,休斯顿火箭,61,125,输,6.5,负,菲尼克斯太阳,55,111

2016-12-22,208.5,小,达拉斯独行侠,62,96,输,-5.5,负,波特兰开拓者,38,95

2016-12-23,230.5,小,金州勇士,49,117,输,12.5,负,布鲁克林篮网队,65,101

2016-12-23,212.5,小,奥兰多魔术,47,95,赢,-5.5,胜,纽约尼克斯,57,106

2016-12-23,208.5,大,洛杉矶湖人,60,107,赢,-4.5,胜,迈阿密热火,53,115

2016-11-26,219.5,大,新奥尔良鹈鹕,57,104,赢,-3.5,胜,波特兰开拓者,66,119

2016-11-26,214.5,大,休斯顿火箭,68,117,输,3.5,负,萨克拉门托国王,50,104

2016-11-26,230.5,小,金州勇士,53,109,输,13.5,负,洛杉矶湖人,43,85

2016-11-27,207.5,大,纽约尼克斯,47,102,输,-6.5,胜,夏洛特黄蜂,58,107

2016-11-27,203.5,大,圣安东尼奥马刺,54,112,输,6.5,负,华盛顿奇才,44,100

2016-11-27,183.5,大,孟菲斯灰熊,51,110,输,1.5,负,迈阿密热火,49,107

2016-11-27,203.5,小,底特律活塞,46,88,赢,-3.5,胜,俄克拉荷马雷霆,56,106

2016-11-27,220.5,小,明尼苏达森林狼,48,102,输,-13.5,胜,金州勇士,56,115

2016-11-28,210.5,大,克里夫兰骑士,52,112,赢,12.5,负,费城76人,58,108

2016-11-28,214.5,大,丹佛掘金,63,120,输,-1.5,负,菲尼克斯太阳,43,114

2016-11-28,208.5,小,洛杉矶快船,40,70,赢,10.5,胜,印第安纳步行者,50,91

2016-11-28,217.5,大,萨克拉门托国王,58,122,输,3.5,负,布鲁克林篮网队,59,105

2016-11-28,194.5,大,密尔沃基雄鹿,58,104,输,0.0,负,奥兰多魔术,52,96

2016-11-28,201.5,小,新奥尔良鹈鹕,42,81,赢,4.5,胜,达拉斯独行侠,44,91

2017-03-25,220.5,大,菲尼克斯太阳,43,120,输,-17.5,胜,波士顿凯尔特人,66,130

2017-03-25,203.5,小,亚特兰大老鹰,43,97,输,-5.5,胜,密尔沃基雄鹿,45,100

2017-03-25,208.5,大,费城76人,59,117,输,-6.5,负,芝加哥公牛,46,107

2017-03-25,231.5,小,新奥尔良鹈鹕,50,107,赢,-6.5,胜,休斯顿火箭,49,117

2017-03-25,213.5,大,萨克拉门托国王,50,100,输,-16.5,胜,金州勇士,57,114

2017-03-25,219.5,大,明尼苏达森林狼,67,119,赢,7.5,胜,洛杉矶湖人,54,130

2017-03-26,200.5,大,犹他爵士,41,95,赢,-6.5,胜,洛杉矶快船,49,108

2017-03-26,224.5,大,华盛顿奇才,71,127,输,-4.5,负,克里夫兰骑士,61,115

2017-03-26,194.5,小,多伦多猛龙,54,94,输,-1.5,负,达拉斯独行侠,44,86

2017-03-26,204.5,小,纽约尼克斯,43,98,输,-15.5,胜,圣安东尼奥马刺,61,106

2017-03-26,212.5,小,明尼苏达森林狼,46,100,赢,-5.5,胜,波特兰开拓者,60,112

2017-03-27,214.5,大,菲尼克斯太阳,47,106,赢,-13.5,胜,夏洛特黄蜂,69,120

2017-03-27,215.5,小,布鲁克林篮网队,55,107,输,-8.5,负,亚特兰大老鹰,48,92

2017-03-27,201.5,大,芝加哥公牛,56,109,输,-7.5,负,密尔沃基雄鹿,55,94

2017-01-27,197.5,大,达拉斯独行侠,55,98,赢,-10.5,胜,俄克拉荷马雷霆,53,109

2017-01-27,231.5,大,菲尼克斯太阳,61,120,输,-7.5,胜,丹佛掘金,57,127

2017-01-27,202.5,小,洛杉矶湖人,41,88,输,-14.5,胜,犹他爵士,44,96

2017-01-28,210.5,大,萨克拉门托国王,64,111,输,-4.5,胜,印第安纳步行者,55,115

2017-01-28,221.5,大,休斯顿火箭,61,123,赢,7.5,负,费城76人,61,118

2017-01-28,214.5,小,密尔沃基雄鹿,39,86,赢,-3.5,胜,多伦多猛龙,53,102

2017-01-28,214.5,大,奥兰多魔术,48,98,赢,-7.5,胜,波士顿凯尔特人,68,128

2017-01-28,224.5,大,布鲁克林篮网队,47,116,输,-14.5,胜,克里夫兰骑士,55,124

2017-01-28,212.5,大,夏洛特黄蜂,51,107,赢,1.5,胜,纽约尼克斯,54,110

2017-01-28,204.5,小,迈阿密热火,53,100,输,-7.5,负,芝加哥公牛,53,88

2017-01-28,214.5,小,华盛顿奇才,67,112,输,-4.5,负,亚特兰大老鹰,45,86

2017-01-28,210.5,大,圣安东尼奥马刺,57,103,赢,7.5,胜,新奥尔良鹈鹕,48,119

2017-01-28,205.5,大,孟菲斯灰熊,56,109,赢,-2.5,胜,波特兰开拓者,62,112

2017-01-29,206.5,大,萨克拉门托国王,52,109,输,-6.5,负,夏洛特黄蜂,44,106

2016-12-23,210.5,大,波士顿凯尔特人,51,109,输,0.0,负,印第安纳步行者,40,102

2016-12-23,205.5,大,圣安东尼奥马刺,45,101,赢,1.5,胜,洛杉矶快船,57,106

2016-12-24,203.5,小,芝加哥公牛,40,91,赢,-4.5,胜,夏洛特黄蜂,48,103

2016-12-24,212.5,小,洛杉矶湖人,40,90,赢,-5.5,胜,奥兰多魔术,57,109

2016-12-24,221.5,小,布鲁克林篮网队,40,99,赢,-15.5,胜,克里夫兰骑士,66,119

2016-12-24,209.5,大,俄克拉荷马雷霆,58,117,输,-4.5,负,波士顿凯尔特人,54,112

2016-12-24,213.5,大,金州勇士,57,119,赢,7.5,负,底特律活塞,59,113

2016-12-24,206.5,大,萨克拉门托国王,51,109,输,-4.5,负,明尼苏达森林狼,55,105

2016-12-24,213.5,大,华盛顿奇才,58,96,赢,-2.5,胜,密尔沃基雄鹿,73,123

2016-12-24,205.5,小,迈阿密热火,49,87,输,-5.5,胜,新奥尔良鹈鹕,44,91

2016-12-24,204.5,大,休斯顿火箭,49,109,赢,3.5,胜,孟菲斯灰熊,54,115

2016-11-28,223.5,大,休斯顿火箭,65,130,输,2.5,负,波特兰开拓者,62,114

2016-11-28,211.5,小,亚特兰大老鹰,48,94,赢,4.5,胜,洛杉矶湖人,56,109

2016-11-29,212.5,小,萨克拉门托国王,53,95,赢,-4.5,胜,华盛顿奇才,50,101

2016-11-29,213.5,大,俄克拉荷马雷霆,58,112,输,0.0,负,纽约尼克斯,55,103

2016-11-29,198.5,大,波士顿凯尔特人,48,112,输,4.5,负,迈阿密热火,31,104

2016-11-29,209.5,大,费城76人,49,95,赢,-14.5,胜,多伦多猛龙,60,122

2016-11-29,197.5,小,夏洛特黄蜂,56,104,输,0.0,负,孟菲斯灰熊,39,85

2016-11-29,196.5,大,犹他爵士,50,112,输,2.5,负,明尼苏达森林狼,45,103

2016-11-29,218.5,小,亚特兰大老鹰,53,100,输,-13.5,胜,金州勇士,50,105

2016-11-30,200.5,大,底特律活塞,57,112,输,-3.5,负,夏洛特黄蜂,54,89

2016-11-30,214.5,大,洛杉矶快船,65,122,赢,10.5,胜,布鲁克林篮网队,53,127

2017-03-27,211.5,小,萨克拉门托国王,42,98,输,-14.5,负,洛杉矶快船,44,97

2017-03-27,231.5,大,俄克拉荷马雷霆,59,125,赢,-6.5,胜,休斯顿火箭,79,137

2017-03-27,210.5,大,迈阿密热火,58,108,输,-7.5,胜,波士顿凯尔特人,53,112

2017-03-27,214.5,小,费城76人,45,94,赢,-9.5,胜,印第安纳步行者,51,107

2017-03-27,207.5,小,孟菲斯灰熊,54,94,赢,-10.5,胜,金州勇士,56,106

2017-03-27,226.5,小,新奥尔良鹈鹕,55,115,输,-6.5,负,丹佛掘金,40,90

2017-03-27,222.5,小,波特兰开拓者,40,97,输,8.5,负,洛杉矶湖人,32,81

2017-03-28,208.5,大,奥兰多魔术,57,112,赢,-7.5,胜,多伦多猛龙,73,131

2017-03-28,208.0,小,底特律活塞,59,95,赢,0.0,胜,纽约尼克斯,64,109

2017-03-28,212.5,小,克里夫兰骑士,40,74,赢,-4.5,胜,圣安东尼奥马刺,64,103

2017-03-28,202.5,小,俄克拉荷马雷霆,35,92,输,0.0,负,达拉斯独行侠,50,91

2017-03-28,196.5,大,新奥尔良鹈鹕,51,100,赢,-6.5,胜,犹他爵士,56,108

2017-01-29,202.5,大,底特律活塞,60,103,赢,3.5,胜,迈阿密热火,64,116

2017-01-29,217.5,大,波士顿凯尔特人,64,112,输,-3.5,负,密尔沃基雄鹿,53,108

2017-01-29,224.5,大,洛杉矶快船,51,98,赢,-13.5,胜,金州勇士,72,144

2017-01-29,229.5,大,丹佛掘金,59,123,输,-4.5,负,菲尼克斯太阳,61,112

2017-01-29,221.5,大,布鲁克林篮网队,55,109,赢,-12.5,胜,明尼苏达森林狼,63,129

2017-01-29,191.5,大,孟菲斯灰熊,52,102,输,-8.5,负,犹他爵士,43,95

2017-01-30,209.5,大,纽约尼克斯,65,139,输,-6.5,胜,亚特兰大老鹰,61,142

2017-01-30,220.5,小,俄克拉荷马雷霆,45,91,赢,-6.5,胜,克里夫兰骑士,58,107

2017-01-30,209.5,大,奥兰多魔术,60,114,输,-11.5,负,多伦多猛龙,51,113

2017-01-30,220.5,小,华盛顿奇才,57,107,输,1.5,负,新奥尔良鹈鹕,40,94

2017-01-30,227.5,小,休斯顿火箭,43,101,赢,4.5,胜,印第安纳步行者,57,120

2017-01-30,196.5,大,达拉斯独行侠,49,105,输,-12.5,负,圣安东尼奥马刺,59,101

2016-12-24,201.5,大,多伦多猛龙,56,104,输,1.5,负,犹他爵士,51,98

2016-12-24,211.5,大,费城76人,66,116,赢,-4.5,胜,菲尼克斯太阳,53,123

2016-12-24,221.5,小,亚特兰大老鹰,51,109,输,-4.5,负,丹佛掘金,55,108

2016-12-24,211.5,小,圣安东尼奥马刺,57,110,输,2.5,负,波特兰开拓者,45,90

2016-12-24,195.5,小,达拉斯独行侠,50,90,输,-4.5,负,洛杉矶快船,51,88

2016-12-26,212.5,大,波士顿凯尔特人,56,119,输,2.5,负,纽约尼克斯,48,114

2016-12-26,222.5,小,金州勇士,55,108,赢,2.5,胜,克里夫兰骑士,52,109

2016-12-26,198.5,大,芝加哥公牛,50,100,赢,-9.5,胜,圣安东尼奥马刺,55,119

2016-12-26,209.5,大,明尼苏达森林狼,53,100,赢,-3.5,胜,俄克拉荷马雷霆,57,112

2016-12-26,213.5,小,洛杉矶快船,58,102,赢,3.5,胜,洛杉矶湖人,55,111

2016-11-30,212.5,大,克里夫兰骑士,54,101,赢,6.5,胜,密尔沃基雄鹿,58,118

2016-11-30,217.5,小,洛杉矶湖人,41,88,赢,-5.5,胜,新奥尔良鹈鹕,65,105

2016-11-30,196.5,小,奥兰多魔术,45,95,输,-12.5,负,圣安东尼奥马刺,43,83

2016-11-30,202.5,大,休斯顿火箭,50,101,赢,1.5,胜,犹他爵士,62,120

2017-03-28,199.5,小,孟菲斯灰熊,49,90,赢,5.5,胜,萨克拉门托国王,51,91

2017-03-29,207.5,大,明尼苏达森林狼,59,115,输,-5.5,负,印第安纳步行者,57,114

2017-03-29,201.5,大,密尔沃基雄鹿,72,118,输,-3.5,负,夏洛特黄蜂,50,108

2017-03-29,220.5,小,菲尼克斯太阳,44,91,输,-8.5,胜,亚特兰大老鹰,47,95

2017-03-29,223.5,小,费城76人,58,106,输,-3.5,负,布鲁克林篮网队,57,101

2017-03-29,202.5,小,迈阿密热火,55,97,赢,4.5,负,底特律活塞,50,96

2017-01-30,207.5,大,费城76人,57,108,赢,-5.5,胜,芝加哥公牛,67,121

2017-01-30,225.5,小,金州勇士,53,113,赢,6.5,负,波特兰开拓者,50,111

2017-01-31,205.5,大,萨克拉门托国王,55,119,赢,5.5,胜,费城76人,48,122

2017-01-31,217.5,小,布鲁克林篮网队,52,96,输,-9.5,胜,迈阿密热火,56,104

2017-01-31,-,,底特律活塞,46,109,,-,胜,波士顿凯尔特人,54,113

2017-01-31,212.5,大,奥兰多魔术,51,105,输,-8.5,胜,明尼苏达森林狼,52,111

2017-01-31,207.5,小,克里夫兰骑士,50,97,赢,3.5,胜,达拉斯独行侠,55,104

2017-01-31,208.5,大,孟菲斯灰熊,59,115,输,5.0,负,菲尼克斯太阳,48,96

2016-12-27,213.5,小,密尔沃基雄鹿,57,102,赢,-3.5,胜,华盛顿奇才,53,107

2017-03-29,235.5,小,金州勇士,60,113,输,0.0,负,休斯顿火箭,52,106

2017-03-29,223.5,大,丹佛掘金,64,113,赢,0.0,胜,波特兰开拓者,66,122

2017-03-29,226.5,大,华盛顿奇才,55,119,输,8.5,负,洛杉矶湖人,58,108

2017-03-30,217.5,大,俄克拉荷马雷霆,44,114,输,6.5,负,奥兰多魔术,49,106

2017-03-30,211.5,小,亚特兰大老鹰,52,99,输,1.5,负,费城76人,43,92

2017-03-30,208.5,小,迈阿密热火,49,105,输,3.5,负,纽约尼克斯,41,88

2017-03-30,202.5,大,夏洛特黄蜂,50,110,输,-6.5,负,多伦多猛龙,47,106

2017-03-30,209.5,小,密尔沃基雄鹿,55,103,输,-8.5,负,波士顿凯尔特人,49,100

2017-03-30,196.5,大,印第安纳步行者,53,97,赢,-5.5,胜,孟菲斯灰熊,72,110

2017-03-30,202.5,大,达拉斯独行侠,51,118,输,-4.5,胜,新奥尔良鹈鹕,63,121

2017-03-30,206.5,大,金州勇士,54,110,输,-4.5,负,圣安东尼奥马刺,57,98

2017-03-30,219.5,大,华盛顿奇才,63,124,赢,-5.5,胜,洛杉矶快船,74,133

2016-12-27,194.5,大,孟菲斯灰熊,43,102,赢,2.5,胜,奥兰多魔术,68,112

2016-12-27,216.5,大,夏洛特黄蜂,63,118,赢,6.5,胜,布鲁克林篮网队,54,120

2016-12-27,200.5,小,克里夫兰骑士,44,90,赢,-4.5,胜,底特律活塞,50,106

2016-12-27,210.5,小,亚特兰大老鹰,45,90,赢,0.0,胜,明尼苏达森林狼,54,104

2016-12-27,208.5,小,印第安纳步行者,41,85,赢,-1.5,胜,芝加哥公牛,51,90

2016-12-27,228.5,大,菲尼克斯太阳,43,115,赢,-13.5,胜,休斯顿火箭,69,131

2016-12-27,198.5,大,达拉斯独行侠,53,104,赢,-3.5,胜,新奥尔良鹈鹕,55,111

2016-12-27,217.5,小,多伦多猛龙,43,95,赢,6.5,负,波特兰开拓者,42,91

2016-12-27,203.5,小,费城76人,47,100,输,-8.5,胜,萨克拉门托国王,51,102

2016-12-27,211.5,小,丹佛掘金,63,106,输,3.5,负,洛杉矶快船,46,102

2016-12-28,204.5,小,俄克拉荷马雷霆,61,106,输,3.5,负,迈阿密热火,48,94

2016-12-28,198.5,大,孟菲斯灰熊,48,103,赢,-6.5,胜,波士顿凯尔特人,56,113

2017-03-30,194.5,小,犹他爵士,50,112,输,7.5,负,萨克拉门托国王,43,82

2017-03-31,212.5,小,布鲁克林篮网队,39,89,输,-5.5,胜,底特律活塞,35,90

2017-03-31,210.5,小,克里夫兰骑士,50,93,赢,4.5,胜,芝加哥公牛,41,99

2017-03-31,220.5,大,洛杉矶湖人,60,104,赢,-10.5,胜,明尼苏达森林狼,67,119

2017-03-31,220.5,大,洛杉矶快船,67,124,赢,11.5,负,菲尼克斯太阳,59,118

2017-03-31,230.5,小,休斯顿火箭,56,107,赢,-1.5,胜,波特兰开拓者,65,117

2016-12-28,210.5,大,休斯顿火箭,66,123,输,5.5,负,达拉斯独行侠,47,107

2016-12-28,203.5,小,犹他爵士,48,102,赢,4.5,负,洛杉矶湖人,52,100

2016-12-29,212.5,大,印第安纳步行者,48,105,赢,-4.5,胜,华盛顿奇才,58,111

2016-12-29,203.5,大,夏洛特黄蜂,62,120,输,3.5,负,奥兰多魔术,55,101

2016-12-29,211.5,小,纽约尼克斯,47,98,输,-4.5,胜,亚特兰大老鹰,45,102

2016-12-29,199.5,大,密尔沃基雄鹿,62,119,输,-3.5,负,底特律活塞,54,94

2016-12-29,205.5,小,洛杉矶快船,56,98,赢,-1.5,胜,新奥尔良鹈鹕,49,102

2016-12-29,213.5,小,布鲁克林篮网队,49,99,输,-9.5,胜,芝加哥公牛,46,101

2016-12-29,213.5,大,菲尼克斯太阳,64,98,赢,-12.5,胜,圣安东尼奥马刺,58,119

2016-12-29,217.5,小,明尼苏达森林狼,49,103,输,-3.5,胜,丹佛掘金,49,105

2016-12-29,208.5,小,萨克拉门托国王,44,89,赢,0.0,胜,波特兰开拓者,60,102

2016-12-29,225.5,大,多伦多猛龙,55,111,赢,-9.5,胜,金州勇士,72,121

2016-12-30,203.5,小,迈阿密热火,49,82,赢,-5.5,胜,夏洛特黄蜂,42,91

2016-12-30,215.5,大,波士顿凯尔特人,59,118,赢,-5.5,胜,克里夫兰骑士,66,124

2016-12-30,198.5,小,俄克拉荷马雷霆,39,80,赢,-2.5,胜,孟菲斯灰熊,55,114

2016-12-30,194.5,小,费城76人,51,83,赢,-13.5,胜,犹他爵士,49,100

2016-12-30,222.5,小,多伦多猛龙,40,91,赢,8.5,胜,菲尼克斯太阳,42,99

2016-12-30,203.5,小,达拉斯独行侠,50,101,输,-3.5,负,洛杉矶湖人,57,89

2016-12-31,202.5,大,芝加哥公牛,50,101,赢,-4.5,胜,印第安纳步行者,62,111

2016-12-31,221.5,小,布鲁克林篮网队,50,95,赢,-8.5,胜,华盛顿奇才,66,118

2016-12-31,203.5,大,迈阿密热火,48,114,输,-8.5,胜,波士顿凯尔特人,52,117

2016-12-31,214.5,小,纽约尼克斯,51,92,赢,-2.5,胜,新奥尔良鹈鹕,55,104

2016-12-31,201.5,大,底特律活塞,41,98,赢,-3.5,胜,亚特兰大老鹰,51,105

2016-12-31,209.5,大,密尔沃基雄鹿,48,99,赢,-1.5,胜,明尼苏达森林狼,55,116

2016-12-31,216.5,大,洛杉矶快船,57,116,赢,-9.5,胜,休斯顿火箭,74,140

2016-12-31,206.5,小,波特兰开拓者,52,94,赢,-10.5,胜,圣安东尼奥马刺,47,110

2016-12-31,212.5,大,费城76人,60,124,输,-11.5,负,丹佛掘金,60,122

2016-12-31,211.5,小,达拉斯独行侠,48,99,输,-17.5,胜,金州勇士,59,108

